amount,7.72832990734498,53497059.0
fable,6.095868543102137,1247006.0
fabled,5.515198043225131,327490.0
fables,5.932035697859989,855137.0
fabric,6.67388255510951,4719354.0
fabricate,5.35788341434534,227973.0
fabricated,5.946346134842693,883784.0
fabricating,5.314105384550749,206113.0
fabrication,6.054896746897735,1134741.0
fabricator,4.749960359903788,56229.0
fabrics,6.211019568073037,1625622.0
fabulous,6.101304651679534,1262713.0
fabulously,4.986431328928953,96924.0
facade,6.167510213201597,1470653.0
facades,5.5005301145324,316614.0
face,7.918229641654123,82838007.0
faced,7.019163125230822,10451127.0
faceless,5.293749158841169,196675.0
faces,7.074426643664791,11869342.0
facet,5.9451444667448525,881342.0
faceted,5.302376390831836,200621.0
facetious,5.3088972095533995,203656.0
facetiously,5.006602941098044,101532.0
facets,6.019216021268524,1045240.0
facial,6.536692245257297,3441060.0
facially,4.762753564933374,57910.0
facies,5.673254127944457,471253.0
facile,5.748437674566498,560322.0
facilitate,6.6575440162000685,4545106.0
facilitated,6.222582001082045,1669483.0
facilitates,6.042462494548008,1102713.0
facilitating,6.051134764265507,1124954.0
facilitation,5.672474698965853,470408.0
facilitative,5.006234927543091,101446.0
facilitator,5.680534028562338,479219.0
facilities,7.112583721924055,12959365.0
facility,6.815256889407251,6535170.0
facing,6.902492692966305,7989005.0
facsimile,5.934673648674393,860347.0
fact,8.020077427359517,104731525.0
faction,6.269643213023143,1860558.0
factional,5.466950617511585,293056.0
factionalism,5.280332473702885,190692.0
factions,6.223338600775312,1672394.0
factious,5.253202267090307,179144.0
factitious,5.209863382701547,162130.0
facto,6.135565457467797,1366361.0
factoid,3.9539528832319233,8994.0
factor,7.449017632990693,28120150.0
factored,5.457788066884835,286938.0
factorial,5.624884120127716,421584.0
factories,6.603506927534436,4013349.0
factoring,5.51386589329665,326487.0
factorization,5.420436013997293,263291.0
factors,7.540853765903876,34741916.0
factory,6.9275374264740455,8463255.0
factotum,4.792664788851721,62039.0
facts,7.408824783193597,25634496.0
factual,6.304586811560581,2016447.0
factually,5.183503303201056,152582.0
factum,5.207017354983476,161071.0
facultative,5.111195280207131,129180.0
faculties,6.480943978673197,3026523.0
faculty,7.026974525336374,10640806.0
fad,5.7100885805080575,512966.0
faddle,4.162534536549356,14539.0
fade,6.245079391064544,1758245.0
faded,6.4922282968411515,3106192.0
fader,5.06707085604537,116700.0
fades,5.830426339231855,676747.0
fading,6.2072203383433555,1611463.0
fae,4.937322264998785,86561.0
faerie,5.436665056165096,273316.0
faery,5.162388143974675,145341.0
fag,5.270597325510137,186465.0
faggot,5.106598813212537,127820.0
fagot,4.788118855918368,61393.0
fags,4.76408642374914,58088.0
fahrenheit,5.808935093602755,644073.0
faience,5.083746215072061,121268.0
fail,7.077843261096821,11963087.0
failed,7.26439193485436,18381965.0
failing,6.63345067944165,4299824.0
fails,6.762386460608178,5786107.0
failure,7.419831965180181,26292505.0
failures,6.578632678313291,3789943.0
fain,6.025579057075631,1060667.0
faint,6.725899550250425,5319852.0
fainted,5.766842467096707,584578.0
fainter,5.577263103119714,377801.0
faintest,5.705130435377294,507143.0
fainting,5.813394822466075,650721.0
faintly,6.214848614668292,1640018.0
faintness,5.258393013175736,181298.0
faints,5.057072441428217,114044.0
fair,7.417572042662564,26156043.0
fairer,5.746634977242405,558001.0
fairest,5.846111863995736,701636.0
fairies,5.872479104600146,745554.0
fairing,4.736404470909626,54501.0
fairly,7.130465420191513,13504093.0
fairness,6.275747963826395,1886896.0
fairs,5.871419971575832,743738.0
fairway,5.2690480470812675,185801.0
fairways,4.834751226676425,68352.0
fairy,6.506511120602599,3210045.0
fairy tale,5.675386933821972,473573.0
fairyland,5.246138981880261,176254.0
faith,7.557848536282152,36128384.0
faithful,6.922216251551817,8360192.0
faithfull,4.864119327429718,73134.0
faithfully,6.361058696114618,2296459.0
faithfulness,5.934748855858274,860496.0
faithless,5.625058180481819,421753.0
faithlessness,4.9669438494583495,92671.0
faiths,5.755480764207237,569483.0
fake,6.092652583511566,1237806.0
faked,5.274241004075433,188036.0
faking,5.255270092349482,179999.0
fakir,4.839270592364314,69067.0
falafel,4.390935107103379,24600.0
falciparum,5.068579146994961,117106.0
falcon,5.936625820225807,864223.0
falconer,5.447460381157521,280195.0
falconry,4.762558534850308,57884.0
fall,7.593500380559348,39219349.0
fall out,5.593360289581433,392067.0
fallace,3.4951278812429334,3127.0
fallacious,5.577618163443966,378110.0
fallacy,6.03911099882032,1094236.0
fallback,4.772842254568498,59271.0
fallen,7.0247526890157,10586507.0
fallibility,5.068219267729171,117009.0
fallible,5.380234765358949,240013.0
falling,7.035025355906094,10839902.0
fallopian,5.532068646024828,340462.0
fallopian tube,5.164305259260535,145984.0
fallout,5.562763788808977,365396.0
fallow,5.666014131432284,463462.0
fallows,4.889458580562216,77528.0
falls,7.108297566169441,12832095.0
false,7.25422476145929,17956627.0
falsehood,6.1231140204512675,1327743.0
falsehoods,5.446241945325413,279410.0
falsely,6.024565294736882,1058194.0
falseness,5.023996914110891,105681.0
falsetto,5.147110290835438,140317.0
falsification,5.348935397981768,223324.0
falsify,5.230834505845614,170151.0
falsifying,5.022642784659061,105352.0
falsity,5.754432433893692,568110.0
falter,5.494292377139611,312099.0
faltered,5.764137260920912,580948.0
faltering,5.591092445524115,390025.0
falters,5.000937064415281,100216.0
falx,4.7644824971755,58141.0
fam,5.783797135509268,607851.0
fame,6.835377132378444,6845058.0
famed,6.00127971572287,1002951.0
fames,4.942181736080778,87535.0
familia,5.259811210624584,181891.0
familial,6.171689602861075,1484874.0
familiar,7.25554006870323,18011093.0
familiarity,6.322449203136816,2101112.0
familiarize,5.545109102336369,350840.0
familiarly,5.625427698659275,422112.0
families,7.412087666971571,25827815.0
famille,5.2939875771995375,196783.0
family,8.034687842235076,108314810.0
famine,6.354396208005285,2261498.0
famish,4.394381627679536,24796.0
famished,5.449266985947569,281363.0
famous,7.256218044000712,18039232.0
famously,5.499028269699358,315521.0
fan,6.641491561255962,4380176.0
fan mail,4.5240194404102905,33421.0
fanatic,5.706069696833058,508241.0
fanatical,5.807468052260292,641901.0
fanatically,4.907239328892003,80768.0
fanaticism,5.833039322080099,680831.0
fanatics,5.623146908917446,419901.0
fancied,6.118998074173738,1315219.0
fancier,5.089435254388821,122867.0
fancies,6.002787889065084,1006440.0
fanciful,5.951391437917889,894111.0
fancifully,4.75519621679206,56911.0
fancy,6.859574235029791,7237261.0
fancying,5.155068697055325,142912.0
fand,4.884274124390298,76608.0
fandangle,3.0824263008607717,1209.0
fandango,4.776817367638623,59816.0
fane,5.301607223553398,200266.0
fanfare,5.532388704511682,340713.0
fang,5.781032624416109,603994.0
fanger,4.1140769608240895,13004.0
fangled,4.951687145393549,89472.0
fangs,5.629134254770497,425730.0
fanned,5.693552844581747,493802.0
fanner,5.075243944428966,118917.0
fanning,5.739450503407447,548846.0
fanny,6.337768249212354,2176548.0
fanon,5.35508162804597,226507.0
fans,6.467862836689526,2936722.0
fanshaw college,0.0001,1.0
fant,4.770638492383532,58971.0
fantabulous,3.342422680822206,2200.0
fantasia,5.353571965634509,225721.0
fantasies,6.218659946627178,1654474.0
fantasize,5.0533397102320095,113068.0
fantastic,6.433598001676775,2713926.0
fantastical,5.185125508296918,153153.0
fantastically,5.295454938550751,197449.0
fantasy,6.584084375435966,3837818.0
fantiastic,0.0001,1.0
far,8.016310238669655,103826984.0
farad,4.757441581769158,57206.0
faraday,5.86993306690345,741196.0
faradic,4.866854210735117,73596.0
faraway,5.586112246311777,385578.0
farce,5.955874798126653,903389.0
farces,5.1355111021371895,136619.0
farcical,5.281187957661378,191068.0
fare,6.4957056764185594,3131163.0
fares,5.910634008346503,814018.0
farewell,6.545616085627952,3512498.0
farewells,5.253679587042591,179341.0
farfel,3.7113853790984517,5145.0
farfetched,5.062202045419681,115399.0
farina,5.14487919625859,139598.0
farinaceous,4.765079660579813,58221.0
faring,5.2537812828774015,179383.0
farm,7.309042343927098,20372407.0
farmed,5.637034181944641,433545.0
farmer,6.948385821525215,8879445.0
farmers,7.015273432898576,10357941.0
farmhouse,5.875215844713415,750267.0
farmhouses,5.209882133060812,162137.0
farming,6.662328895746427,4595459.0
farmland,5.7253071179363815,531260.0
farmlands,5.089109942803642,122775.0
farms,6.741023419715244,5508374.0
farmstead,5.018484129517547,104348.0
farmyard,5.140149649389955,138086.0
faro,5.220474206129218,166140.0
farrand,5.061441169187796,115197.0
farrell,5.812160372582623,648874.0
farrier,4.914126220196966,82059.0
farrow,5.173992898531728,149277.0
farsighted,5.089986313384849,123023.0
fart,5.326671694703335,212164.0
farther,6.953904013903034,8992988.0
farthest,6.009352722251931,1021769.0
farthing,5.4952000956194516,312752.0
farts,4.789756932285287,61625.0
fasces,4.775311836170616,59609.0
fascia,6.008942788597984,1020805.0
fascial,5.170522800474467,148089.0
fascicle,4.984833236914665,96568.0
fascicles,5.079890015030839,120196.0
fasciculus,5.197181279468905,157464.0
fascinate,5.1938978446149315,156278.0
fascinated,6.2115204635446855,1627498.0
fascinates,5.007316682552862,101699.0
fascinating,6.473417477387901,2974524.0
fascination,6.187329758492477,1539323.0
fascism,6.1016900346913365,1263834.0
fascist,6.152587354104413,1420978.0
fascists,5.578666710594884,379024.0
fash,4.760603401768633,57624.0
fashion,7.117794355124823,13115787.0
fashionable,6.371490677691034,2352289.0
fashionably,5.0224489924661775,105305.0
fashioned,6.57693720339489,3775176.0
fashioning,5.524645331726233,334692.0
fashions,6.030487187474861,1072722.0
fast,7.319165794125907,20852868.0
fast-food,0.0001,1.0
fasten,5.924446767349872,840324.0
fastened,6.419955748489758,2630000.0
fastener,5.157317723288229,143654.0
fasteners,5.375116515609453,237201.0
fastening,5.688632467437381,488239.0
fastenings,5.175114446422145,149663.0
fastens,5.0681932855200085,117002.0
faster,6.838894594862032,6900723.0
fastest,6.064477082788724,1160051.0
fastidious,5.648957852152006,445613.0
fastidiousness,4.9050993719832165,80371.0
fasting,6.178047541211029,1506772.0
fastness,5.106255509490159,127719.0
fasts,5.375541079917218,237433.0
fat,7.192940178924858,15593377.0
fatal,6.801501192355455,6331421.0
fatalism,5.436819160173432,273413.0
fatalistic,5.2299658195037395,169811.0
fatalities,5.564993732358795,367277.0
fatality,5.5941847465644505,392812.0
fatally,5.753907700947203,567424.0
fatch,3.059184617631371,1146.0
fate,7.045362845972697,11101019.0
fated,5.858833643710799,722493.0
fateful,5.801659545930526,633373.0
fates,5.810710247986969,646711.0
father,7.968360679782387,92973821.0
fathered,5.376173496258942,237779.0
fatherhood,5.572683444585679,373838.0
fatherland,5.848522256299268,705541.0
fatherless,5.419783978304372,262896.0
fatherly,5.5060028005208945,320629.0
fathers,6.944376799966508,8797855.0
fathom,5.798328084474905,628533.0
fathomless,5.029432480877444,107012.0
fathoms,5.828724327138791,674100.0
fatigue,6.671011040198418,4688253.0
fatigued,5.773888791889383,594140.0
fatigues,5.478409197680949,300891.0
fatiguing,5.397959117208857,250011.0
fatness,5.159488989125494,144374.0
fats,6.268364282001697,1855087.0
fatten,5.2681097298084785,185400.0
fattening,5.446964106587087,279875.0
fatter,5.229866064893711,169772.0
fatty,6.546797736565864,3522068.0
fatuity,4.747932028036543,55967.0
fatuous,5.178683483680693,150898.0
fauces,5.0802403559364855,120293.0
faucet,5.527387556227087,336812.0
fault,6.983450414115966,9626101.0
faulted,5.327969582760687,212799.0
faulting,5.3775320837667815,238524.0
faultless,5.472896804649097,297096.0
faults,6.532336440156642,3406720.0
faulty,6.200269774428786,1585878.0
faun,5.307639352836866,203067.0
fauna,6.102941115178417,1267480.0
faunal,5.337970130297344,217756.0
faust,6.072394393243973,1181393.0
faux,5.484934442156513,305446.0
faux-pas,0.0001,1.0
favor,7.205586667192516,16054126.0
favorable,6.896564740126533,7880699.0
favorably,6.202650670342998,1594596.0
favored,6.698831876727319,4998410.0
favoring,6.052700096630436,1129016.0
favorite,6.978825998683757,9524145.0
favorites,6.102681313294354,1266722.0
favoritism,5.509084184493615,322912.0
favors,6.355107895024364,2265207.0
favour,6.717459544396265,5217465.0
favourable,6.273252742608814,1876086.0
favourably,5.493004698220673,311175.0
favoured,6.057639482591537,1141930.0
favouring,5.226782863151952,168571.0
favourite,6.344166421140658,2208851.0
favourites,5.388587822002155,244674.0
favours,5.774991146119564,595650.0
fawn,5.733247033526323,541062.0
fawning,5.192441997145366,155755.0
fax,6.708440532181256,5110231.0
fay,6.067136720907755,1167177.0
fa√ßade,4.847874832824165,70449.0
fealty,5.413361801718941,259037.0
fear,7.53501062189399,34277617.0
feare,5.270275791564986,186327.0
feared,6.788777653395484,6148620.0
fearful,6.56967418304743,3712566.0
fearfully,5.7445362763754755,555311.0
fearfulness,4.810937841542092,64705.0
fearing,6.282036088442671,1914415.0
fearless,5.997295933371397,993793.0
fearlessly,5.511567881813405,324764.0
fearlessness,5.209525737730787,162004.0
fears,6.839112168319962,6904181.0
fearsome,5.501911943413173,317623.0
feasibility,6.086768658154395,1221149.0
feasible,6.477044377792557,2999469.0
feast,6.674409717392488,4725086.0
feasting,5.719961550997612,524761.0
feasts,5.955983912210909,903616.0
feat,6.067436521663434,1167983.0
feather,6.350281364665921,2240172.0
feathered,5.794747291173754,623372.0
feathering,5.089735597587947,122952.0
feathers,6.525670517967755,3354830.0
feathery,5.465351616817982,291979.0
feats,5.846981270714541,703042.0
feature,7.138579105743514,13758754.0
featured,6.333345893697372,2154497.0
featureless,5.131756564629943,135443.0
features,7.389082745007191,24495299.0
featuring,6.100774664520738,1261173.0
feb,6.4200860172949845,2630789.0
febreeze,0.0001,1.0
febrile,5.709033239909347,511721.0
february,7.359577199466261,22886385.0
fecal,5.791560130583193,618814.0
feces,5.9307891324888,852686.0
feckless,4.803539050274051,63612.0
fecund,5.00481988122819,101116.0
fecundity,5.511670838764977,324841.0
fed,7.0344807794165005,10826318.0
fed up,5.459552302847431,288106.0
fed-up,0.0001,1.0
federal,7.608291194349442,40578052.0
federalism,5.907074759641621,807374.0
federalist,6.03379114186154,1080914.0
federally,5.754097473500759,567672.0
federation,6.625841926175078,4225148.0
federations,5.432740063929459,270857.0
federative,4.7836177651907485,60760.0
fedora,5.194641975177966,156546.0
fee,6.902231788022848,7984207.0
feeble,6.520302702826365,3313620.0
feebleness,5.392492945189645,246884.0
feebly,5.823104987147693,665434.0
feed,7.002591850476203,10059858.0
feedback,6.754382817935614,5680451.0
feeder,5.9111656018163945,815015.0
feeding,6.875383506128903,7505567.0
feedings,5.491536777280266,310125.0
feedlot,4.754738108261437,56851.0
feeds,6.230593491828621,1700566.0
feedstock,5.003490690401377,100807.0
feedstocks,4.7408598693884505,55063.0
feel,7.738621155839794,54779890.0
feeler,4.895350710222481,78587.0
feelers,5.1292289346681,134657.0
feeling,7.546263267986711,35177362.0
feelingly,5.0781485698641475,119715.0
feelings,7.3160531682167065,20703948.0
feels,6.955610262957109,9028389.0
fees,6.825090302352491,6684829.0
feet,7.772372285879752,59206895.0
fei,5.355365304018832,226655.0
feign,5.363510444638545,230946.0
feigned,5.76730060678737,585195.0
feigning,5.385636655277123,243017.0
feint,5.240474363467878,173970.0
feis,4.800208270984808,63126.0
feist,4.785920358630792,61083.0
feisty,5.08698234770021,122175.0
fel,5.185420320005754,153257.0
feldspar,5.681855148999171,480679.0
felicitation,4.158663980813989,14410.0
felicities,4.787410878515762,61293.0
felicitous,5.352458448706757,225143.0
felicity,5.974574322420067,943136.0
feline,5.559176204996112,362390.0
fell,7.4149455355297995,25998335.0
fella,5.448871660347825,281107.0
fellah,4.753046561626529,56630.0
fellas,5.102708054699875,126680.0
fellatio,4.828215064657413,67331.0
felled,5.620136054973758,417000.0
feller,5.768275421238923,586510.0
fellers,5.293422224663026,196527.0
felling,5.341163376880779,219363.0
fellow,7.27164401566587,18691494.0
fellows,6.65760124814451,4545705.0
fellowship,6.515044052174846,3273739.0
felon,5.450523150980875,282178.0
felonious,5.009620840814325,102240.0
feloniously,4.799974294646381,63092.0
felons,5.340650306187225,219104.0
felony,6.046714012333486,1113561.0
fels,4.821218658314073,66255.0
felt,7.78849068333279,61445585.0
fem,5.415137012740651,260098.0
female,7.383144652982963,24162655.0
femaleness,4.900459986731022,79517.0
females,6.834943640445817,6838229.0
feme,5.097184400423326,125079.0
feminine,6.620617053453142,4174621.0
femininity,5.906001919053346,805382.0
feminism,6.253456741490782,1792490.0
feminist,6.630675362520405,4272434.0
feminization,5.1819321521305675,152031.0
femme,5.712430815924059,515740.0
femora,5.282705927929194,191737.0
femoral,6.096455677129566,1248693.0
femur,5.949345598983749,889909.0
fen,5.57323955150271,374317.0
fence,6.664619414217805,4619760.0
fenced,5.699042959680901,500084.0
fencer,4.768541909534941,58687.0
fences,6.133822703709278,1360889.0
fencing,5.85015224298418,708194.0
fend,5.605519446316882,403199.0
fender,5.570356106374218,371840.0
fenders,5.137024783722628,137096.0
fending,4.97394946336104,94178.0
fenestra,4.836539310376977,68634.0
fenestration,4.795942551247136,62509.0
feng,5.755970847001419,570126.0
fennel,5.521151164666128,332010.0
fens,5.126689751641637,133872.0
fer,6.114616654706823,1302017.0
feral,5.3260120679525045,211842.0
feria,4.844862216137521,69962.0
ferme,4.8931623216840965,78192.0
ferment,5.899638323085213,793667.0
fermentable,4.742835065359684,55314.0
fermentation,6.177172752261943,1503740.0
fermentations,4.989142677125206,97531.0
fermentative,4.800607116392469,63184.0
fermented,5.6911425190351315,491069.0
fermenting,5.335174965488249,216359.0
fern,6.110308506184693,1289165.0
fernando,6.094371889924593,1242716.0
fernery,3.9277295597716546,8467.0
fernier,3.118264726089479,1313.0
ferns,5.926123185777573,843574.0
ferocious,5.932709112859111,856464.0
ferociously,5.1195231159607895,131681.0
ferocity,5.781923317232221,605234.0
ferret,5.531510849286077,340025.0
ferreting,4.822311948285655,66422.0
ferri,5.223199907209986,167186.0
ferric,5.904584101280731,802757.0
ferricyanide,5.0027404197635175,100633.0
ferried,5.124155214442988,133093.0
ferrier,5.127422300629816,134098.0
ferries,5.525465933259732,335325.0
ferris,5.773287524103665,593318.0
ferris wheel,4.889234451702464,77488.0
ferrite,5.452045707118537,283169.0
ferro,5.400387730320089,251413.0
ferrocyanide,5.149490077146228,141088.0
ferromagnetic,5.298885810940976,199015.0
ferrous,5.897480835866075,789734.0
ferruginous,5.2726861495012605,187364.0
ferrule,4.839792184445329,69150.0
ferrum,4.862858571352282,72922.0
ferry,6.46705760115854,2931282.0
ferryboat,4.846231928364984,70183.0
ferryman,5.07814494211244,119714.0
fertile,6.532066094810552,3404600.0
fertility,6.553943799356786,3580501.0
fertilization,6.059701597735105,1147365.0
fertilize,5.318714288592356,208312.0
fertilized,5.799658226502034,630461.0
fertilizer,6.2587411753709015,1814434.0
fertilizers,5.979347569518063,953559.0
fervency,4.7475904611728605,55923.0
fervent,6.004665233247877,1010800.0
fervently,5.736626736844192,545289.0
fervid,5.325790602123175,211734.0
fervor,5.992985829852642,983979.0
fervour,5.520803076855371,331744.0
fescue,5.063017939887928,115616.0
fess,5.003662983333864,100847.0
fest,5.359283255002161,228709.0
festal,5.240768835945614,174088.0
fester,5.053573948210747,113129.0
festering,5.206504757073595,160881.0
festival,6.710944952601013,5139785.0
festivals,6.247073074583568,1766335.0
festive,5.874400053632049,748859.0
festivities,5.882386771329371,762758.0
festivity,5.370352072876881,234613.0
festoon,4.6469621658021065,44357.0
festuca,4.755981511395073,57014.0
fet,5.484295567576774,304997.0
fetal,6.506854356876736,3212583.0
fetch,6.30795063245451,2032126.0
fetched,5.956730151722857,905170.0
fetching,5.444932785174736,278569.0
fete,5.5167085283440995,328631.0
feted,4.924289626283591,84002.0
fetes,5.116142653853793,130660.0
fetid,5.395497630369754,248598.0
fetish,5.567347554659692,369273.0
fetishism,5.291626331164747,195716.0
fetter,5.38516460572894,242753.0
fettered,5.373423286069949,236278.0
fetus,6.300809535267857,1998985.0
fetuses,5.583185166617637,382988.0
feu,5.411180139168966,257739.0
feud,5.80061880116531,631857.0
feudal,6.393217618578831,2472963.0
feudalism,5.794216789326097,622611.0
feuds,5.58033868151499,380486.0
fever,6.991245042425087,9800428.0
fevered,5.300510703419157,199761.0
feverish,5.9299785494134,851096.0
feverishly,5.43281541760276,270904.0
fevers,5.8175693357013225,657006.0
few,8.089262314435018,122818083.0
fewer,6.853098666385813,7130150.0
fey,5.163662195115436,145768.0
fez,5.342460186453378,220019.0
ffar,3.341038631677523,2193.0
fiance,5.537243430880354,344543.0
fiancee,5.50781675645622,321971.0
fiasco,5.510725928552033,324135.0
fiat,5.879478945271212,757668.0
fib,5.145882900336614,139921.0
fibbing,4.216878141702857,16477.0
fiber,6.787692508561612,6133276.0
fiberglass,5.5326868734309596,340947.0
fiberoptic,5.060021324909155,114821.0
fibers,6.791583851366192,6188478.0
fibre,6.127915911852685,1342505.0
fibres,6.29721670100032,1982516.0
fibril,4.8559247922588336,71767.0
fibrillar,4.974087783985367,94208.0
fibrillation,5.770355601806912,589326.0
fibrin,5.79004718711808,616662.0
fibrinogen,5.577125137322338,377681.0
fibrinolysis,4.980507860523808,95611.0
fibrinolytic,5.058133612444485,114323.0
fibrinous,5.080110365485725,120257.0
fibroblast,5.373965177231365,236573.0
fibrocystic,4.7595771998605745,57488.0
fibroid,5.163462532504318,145701.0
fibroma,5.162931639257846,145523.0
fibrosarcoma,4.888808287941675,77412.0
fibrosis,6.029721340863577,1070832.0
fibrotic,5.01448693633755,103392.0
fibrous,6.256943491570031,1806939.0
fibula,5.478811708951815,301170.0
fibular,4.989035794695954,97507.0
fice,4.736388533497444,54499.0
fiche,4.808811680289293,64389.0
fichus,3.6994040818153375,5005.0
fickle,5.657091245458593,454037.0
fickleness,5.055336276175984,113589.0
fiction,6.96981935782077,9328662.0
fictional,6.1364878244017085,1369266.0
fictitious,6.060410733467625,1149240.0
fictitiously,4.961829091708983,91586.0
fictive,5.2474748913642735,176797.0
fid,5.4374239266488,273794.0
fiddle,5.892748336080512,781175.0
fiddler,5.532592602826439,340873.0
fiddlesticks,4.399967765588587,25117.0
fiddling,5.321186100302054,209501.0
fide,6.0781416771099925,1197131.0
fidelity,6.428461364377244,2682016.0
fidget,4.983053163546617,96173.0
fidgeting,5.12856080655932,134450.0
fidgety,5.01712102452432,104021.0
fiduciary,6.0158646016830986,1037205.0
fie,5.781669943038098,604881.0
field,7.808226865244887,64302353.0
fielded,5.055462429557673,113622.0
fielder,5.3392844493128795,218416.0
fielding,6.038328017558761,1092265.0
fields,7.329790539973454,21369312.0
fieldwork,5.759404166792877,574651.0
fiend,5.756490051218202,570808.0
fiendish,5.299496403067529,199295.0
fierce,6.637427983258016,4339383.0
fiercely,6.180994741812996,1517032.0
fierceness,5.418998586112132,262421.0
fiercest,5.412556300066784,258557.0
fiery,6.363916255426308,2311619.0
fiesta,5.606343738958789,403965.0
fife,5.703162360595733,504850.0
fifo,5.348880943431998,223296.0
fifteen,7.130110548115216,13493063.0
fifteenth,6.4642141883986195,2912153.0
fifth,7.155670436923068,14311015.0
fifthly,4.891364597487075,77869.0
fifths,5.979564307647535,954035.0
fifties,6.095218185013426,1245140.0
fiftieth,5.650021785803809,446706.0
fifty,7.2868133921479075,19355901.0
fig,7.689438257823787,48914572.0
figaro,5.527526792019501,336920.0
figger,4.746906520474098,55835.0
fight,7.301528127940027,20022953.0
fighter,6.319431501982932,2086563.0
fighters,6.215520184975441,1642556.0
fighting,7.1102245474622,12889158.0
fights,6.258542943908592,1813606.0
figment,5.153753906455187,142480.0
figs,6.555778377227982,3595658.0
figural,5.2968121236367685,198067.0
figuration,5.144275235404777,139404.0
figurative,5.957133949883512,906012.0
figuratively,5.634037715095121,430564.0
figure,8.005183988562303,101200810.0
figured,6.616082002450556,4131255.0
figurehead,5.1547707832435234,142814.0
figures,7.380132464405618,23995647.0
figurine,5.344732108768677,221173.0
figuring,5.9404412737566785,871849.0
filament,6.04888829904528,1119150.0
filamentous,5.364941028593067,231708.0
filaments,6.156676029161842,1434419.0
filariasis,4.77112428044526,59037.0
filbert,4.882837481488184,76355.0
filched,4.750137968090469,56252.0
file,7.426418146453758,26694276.0
filed,6.820169329703873,6609511.0
filemaker,5.012685405926087,102964.0
filename,5.771766011962579,591243.0
filenames,5.0766440840111775,119301.0
filer,5.011912838805169,102781.0
files,7.055288328281012,11357646.0
filesystem,5.157897789743337,143846.0
filet,5.240372000001237,173929.0
filial,5.87360538699798,747490.0
filiation,4.86350130064145,73030.0
filibuster,5.1728976144279555,148901.0
filibusters,4.844309390105289,69873.0
filiform,5.3952162762838975,248437.0
filigree,5.1299990719574255,134896.0
filing,6.62798755872108,4246074.0
filings,5.598593552773338,396820.0
filippo,5.471586520403113,296201.0
fill,7.1230344316078495,13274997.0
fille,5.285291700606957,192882.0
filled,7.391388443334476,24625692.0
filler,5.892430772378841,780604.0
filles,4.940292307224792,87155.0
fillet,5.658191758446278,455189.0
fillets,5.571052819725031,372437.0
filling,6.782388265378835,6058823.0
fillings,5.366191271713994,232376.0
fillip,4.7497517706137025,56202.0
fills,6.364714739463212,2315873.0
filly,5.220678052404683,166218.0
film,7.356531104917845,22726424.0
filmed,5.7890812684466475,615292.0
filmic,4.968777048438442,93063.0
filming,5.721316705632627,526401.0
films,6.936837533048084,8646444.0
filmstrip,5.049349842059185,112034.0
filmstrips,5.090250996911659,123098.0
filmy,5.148698263094906,140831.0
fils,5.419074707289293,262467.0
filter,6.850824939074053,7092918.0
filtered,6.2432288481717535,1750769.0
filtering,6.136839427116617,1370375.0
filters,6.404379692939083,2537346.0
filth,5.909778467961825,812416.0
filthiness,4.786439071986559,61156.0
filthy,6.127425215391574,1340989.0
filtrate,5.829867025149482,675876.0
filtration,6.150425144805624,1413921.0
fin,6.3796149443127526,2396707.0
finagle,4.107006346381544,12794.0
final,7.539104138750935,34602234.0
finale,5.832376049366931,679792.0
finalist,4.823558993093982,66613.0
finality,5.795192941419079,624012.0
finalize,5.059506618919313,114685.0
finalized,5.279153424927057,190175.0
finally,7.685342398134435,48455424.0
finals,5.467436425454147,293384.0
finance,6.932169702858865,8554009.0
financed,6.234862354821456,1717364.0
finances,6.278322292434869,1898114.0
financial,7.463292635946249,29059801.0
financially,6.21322627017976,1633903.0
financials,4.919747331814146,83128.0
financier,5.626626722501049,423279.0
financiers,5.575253677133241,376057.0
financing,6.670473612348269,4682455.0
finch,5.891181625316369,778362.0
find,8.053340048240107,113068088.0
finder,5.813257982874938,650516.0
finding,7.28268067185302,19172585.0
findings,7.058814286265344,11450232.0
finds,7.076473319173505,11925410.0
fine,7.57972417420935,37994801.0
fine-art,0.0001,1.0
fined,5.930190772670976,851512.0
finely,6.483259134491799,3042700.0
fineness,5.6482585010824184,444896.0
finer,6.34219856653459,2198865.0
finery,5.539158933192653,346066.0
fines,6.166091012723696,1465855.0
finesse,5.531683242843203,340160.0
finest,6.658821959135624,4558500.0
finger,6.997403904374629,9940401.0
fingered,5.629706163771699,426291.0
fingering,5.508762626880235,322673.0
fingernail,5.315073556693308,206573.0
fingernails,5.68763506949012,487119.0
fingerprint,5.492997719864907,311170.0
fingerprinting,5.102478299191699,126613.0
fingerprints,5.665068540232432,462454.0
fingers,7.112110173603046,12945242.0
fingertip,5.230466803724071,170007.0
fingertips,5.871677994083319,744180.0
finial,4.9205198565163135,83276.0
finicky,4.861289416407642,72659.0
fining,4.971716415537208,93695.0
finis,5.358540151492505,228318.0
finish,6.916787779509567,8256344.0
finished,7.227403006489256,16881188.0
finisher,5.000277859562839,100064.0
finishes,5.979543822327176,953990.0
finishing,6.4365973602128275,2732734.0
finite,6.801354651866774,6329285.0
finitely,5.4183576464890875,262034.0
finiteness,4.954633198689235,90081.0
finitude,5.224382833406036,167642.0
fink,5.668249828858909,465854.0
finkel,4.832349216259538,67975.0
finland,6.230306347201054,1699442.0
finned,4.961919179051547,91605.0
finny,4.786460375726018,61159.0
fins,5.967976443395289,928916.0
fio,5.8916489438705595,779200.0
fiord,4.9251160473733915,84162.0
fir,6.22792165234925,1690136.0
fire,7.674385240403144,47248197.0
fire hose,4.623104501437765,41986.0
fire truck,4.762603549566803,57890.0
fire-truck,0.0001,1.0
firearm,5.379533938274541,239626.0
firearms,5.933687179276238,858395.0
fireball,5.157641085059261,143761.0
firebird,4.94374670939432,87851.0
firebox,4.937568038600383,86610.0
firebrand,5.12165174863857,132328.0
firecracker,4.847893326425289,70452.0
firecrackers,5.06758411423443,116838.0
fired,6.82879435236415,6742087.0
fireflies,5.224634049580591,167739.0
firefly,5.169268746404485,147662.0
firefox,4.842134750896784,69524.0
firehouse,4.910821766620343,81437.0
firelight,5.482443361904446,303699.0
fireman,5.69511289500558,495579.0
firemen,5.782353642714294,605834.0
fireplace,6.311517370999543,2048884.0
fireplaces,5.651998654824678,448744.0
firepower,5.362785847116427,230561.0
fireproof,5.328622169692249,213119.0
fires,6.6758774667805785,4741082.0
fireside,5.731066330813924,538352.0
firestone,5.488240395314034,307780.0
firetruck,3.545430829465351,3511.0
firewall,5.7286702551860325,535390.0
firewood,5.788686527474558,614733.0
fireworks,5.9038368737637335,801377.0
firing,6.643460375274673,4400078.0
firm,7.375352090256958,23732970.0
firma,5.138694176331781,137624.0
firmament,5.726868963075202,533174.0
firman,4.783267386404577,60711.0
firmed,4.833019547076532,68080.0
firmer,5.719844015277841,524619.0
firmly,6.852558854842316,7121293.0
firmness,6.0964890645736265,1248789.0
firms,7.04978917072516,11214739.0
first,8.540914824498318,347468008.0
firsthand,5.836992768731428,687057.0
firstly,5.769013784700711,587508.0
firth,5.49169779173463,310240.0
fiscal,6.741599455714813,5515685.0
fiscally,4.835164026995928,68417.0
fish,7.344814257867427,22121484.0
fished,5.805366947041252,638803.0
fisher,6.6041543129465685,4019336.0
fisheries,6.2330207451114354,1710097.0
fisherman,6.103772259113755,1269908.0
fishermen,6.233698286785233,1712767.0
fishers,5.461210302134946,289208.0
fishery,5.917698194824283,827367.0
fishes,6.393131030738984,2472470.0
fishin,4.783224463447248,60705.0
fishing,6.890596266255962,7773136.0
fishing fun,2.7442929831226763,555.0
fishman,5.343589758245355,220592.0
fishy,5.2326226089586445,170853.0
fissile,4.956293320221388,90426.0
fission,5.972222283965296,938042.0
fissionable,4.953329532065213,89811.0
fissure,5.939980258543012,870924.0
fissured,5.0128751711088695,103009.0
fist,6.37670193559307,2380685.0
fisted,5.138517423436913,137568.0
fistful,4.925353352673202,84208.0
fists,6.114075290971287,1300395.0
fistula,5.930451828241776,852024.0
fistulous,4.902166129271051,79830.0
fit,7.280256513580576,19065865.0
fitch,5.820204744605454,661005.0
fitful,5.5258387749186335,335613.0
fitfully,5.224905820928293,167844.0
fitly,5.397794061205571,249916.0
fitness,6.485251822402516,3056693.0
fits,6.5489507509309135,3539572.0
fitted,6.733479184030398,5413513.0
fitter,5.421450909814801,263907.0
fitters,4.739928177720226,54945.0
fittest,5.640392978971786,436911.0
fitting,6.647557630921609,4441786.0
fittingly,5.291908053209884,195843.0
fittings,5.86492974791436,732706.0
five,7.915238699484184,82269470.0
fivefold,5.132640651031422,135719.0
fives,5.33078499731197,214183.0
fix,6.761981633505442,5780716.0
fixate,4.746774271340633,55818.0
fixation,6.33826081779485,2179018.0
fixations,5.06191216563979,115322.0
fixative,5.173206671029487,149007.0
fixed,7.394403222766765,24797233.0
fixedly,5.328787200354535,213200.0
fixedness,4.7401731378151295,54976.0
fixer,5.128522042956733,134438.0
fixes,5.874100700623524,748343.0
fixing,6.417971466977634,2618011.0
fixity,5.334220456279566,215884.0
fixture,5.88920082239495,774820.0
fixtures,6.099381572323101,1257134.0
fizz,4.861677758142297,72724.0
fizzle,4.650948290373242,44766.0
fizzled,4.769835014376016,58862.0
fjords,4.9579949624131086,90781.0
flab,4.40372090862669,25335.0
flabby,5.4184686779235305,262101.0
flaccid,5.393643632160359,247539.0
flack,5.077353367987065,119496.0
flag,6.838771477266775,6898767.0
flagellar,4.967243676302634,92735.0
flagellate,4.804827485791356,63801.0
flagellation,5.01102882368917,102572.0
flagellum,5.258579819895329,181376.0
flagged,5.40778847159601,255734.0
flagging,5.277671088265741,189527.0
flagon,4.94386533802788,87875.0
flagpole,5.054655179844503,113411.0
flagrant,5.725819375736523,531887.0
flagrantly,5.070355616938356,117586.0
flags,6.3288847630615885,2132479.0
flagship,5.635868610463213,432383.0
flagstaff,5.43934532766779,275008.0
flagstone,4.96285687359947,91803.0
flail,5.237231979768524,172676.0
flailed,4.879571793571027,75783.0
flailing,5.268963891903467,185765.0
flair,5.64037409234595,436892.0
flak,5.313643690936348,205894.0
flake,5.6741333404860885,472208.0
flakes,6.023041641862669,1054488.0
flaky,5.189801815969451,154811.0
flam,4.9118763970863215,81635.0
flambeau,4.891492855178749,77892.0
flamboyant,5.61091449150139,408239.0
flame,6.814365611876761,6521772.0
flamed,5.406839825387254,255176.0
flamenco,5.044226077112683,110720.0
flames,6.548386469588944,3534976.0
flaming,6.058078905741232,1143086.0
flamingo,5.262125840405947,182863.0
flammability,5.008404269288749,101954.0
flammable,5.590294443803333,389309.0
flan,4.965291091556521,92319.0
flange,5.880354483289073,759197.0
flank,6.321105453317178,2094621.0
flanked,5.89930330758016,793055.0
flanking,5.677039079159759,475378.0
flannel,5.875815701062975,751304.0
flannels,4.997679019488992,99467.0
flap,6.310989466015021,2046395.0
flapped,5.410601793572931,257396.0
flapper,5.022048764758377,105208.0
flapping,5.727842068479137,534370.0
flare,5.951693940899606,894734.0
flared,5.843697355468219,697746.0
flares,5.596786164973557,395172.0
flaring,5.634412776168387,430936.0
flash,6.728066078269293,5346457.0
flashback,5.260431559839751,182151.0
flashed,6.346779625423394,2222182.0
flashes,6.12024314924119,1318995.0
flashing,6.241751377414321,1744823.0
flashlight,5.921617815120351,834868.0
flashy,5.412267297998297,258385.0
flask,6.237761082317256,1728865.0
flat,7.180181721728836,15141947.0
flatboat,4.765713248289257,58306.0
flathead,5.2231791253324165,167178.0
flatly,5.8547097783169875,715665.0
flatness,5.424473273195335,265750.0
flats,6.089942183776252,1230105.0
flatten,5.534607316013207,342458.0
flattened,6.251992080993076,1786455.0
flattening,5.585291490895498,384850.0
flatter,5.985113327859154,966303.0
flattered,5.949350479168597,889919.0
flatterer,5.029119873768671,106935.0
flattering,6.018383814170244,1043239.0
flattery,5.933853095179277,858723.0
flatulence,5.21409377790224,163717.0
flatus,4.8508177139552595,70928.0
flatware,4.8039689536356525,63675.0
flaunt,5.168129031408031,147275.0
flaunted,5.0642407876810545,115942.0
flaunting,5.238658202521859,173244.0
flavin,5.161760187702888,145131.0
flavor,6.515536339938695,3277452.0
flavored,5.819672888695913,660196.0
flavorful,5.1261021717952815,133691.0
flavoring,5.492360821924968,310714.0
flavorings,4.871858868677871,74449.0
flavors,5.87912341645417,757048.0
flavour,5.708369053667502,510939.0
flavoured,4.974580769080592,94315.0
flavours,4.746610849144197,55797.0
flaw,5.948219740006899,887605.0
flawed,5.828106043582264,673141.0
flawless,5.542297481952461,348576.0
flawlessly,4.870515098525192,74219.0
flaws,5.979830983857802,954621.0
flax,5.94799509872298,887146.0
flaxen,5.1126753676248216,129621.0
flaxman,4.8886736229849665,77388.0
flaxseed,5.149527013754348,141100.0
flay,4.976267423103581,94682.0
flea,5.8171434296814395,656362.0
fleas,5.678135812933035,476580.0
fleck,5.13660643098203,136964.0
flecked,5.3246815757751,211194.0
fled,6.722973493573101,5284130.0
fledged,5.714841724135293,518611.0
fledgeling,3.7304592600457687,5376.0
fledgling,5.53802926791519,345167.0
flee,6.298708578531079,1989338.0
fleece,5.751655483398547,564489.0
fleeced,4.763742368858717,58042.0
fleecy,5.158709186075578,144115.0
fleeing,6.041947043697362,1101405.0
flees,5.42284253030853,264754.0
fleet,6.898247304509478,7911290.0
fleeting,6.048721014075503,1118719.0
fleetingly,4.979552927033295,95401.0
fleets,5.913835036963702,820040.0
flemish,5.901035809509817,796225.0
flesh,7.05003554883363,11221103.0
fleshed,5.146338927499865,140068.0
fleshly,5.3782670477529555,238928.0
fleshy,5.955703621250421,903033.0
fletch,4.756727368950538,57112.0
fletcher,6.354774934607433,2263471.0
fleury,5.340636430995824,219097.0
fleuve,4.505787380362578,32047.0
flew,6.688019249851141,4875501.0
flex,5.724835175580308,530683.0
flexed,5.788870878735413,614994.0
flexibility,6.621261469944689,4180820.0
flexible,6.705355170427503,5074055.0
flexibly,5.102913702789221,126740.0
flexion,6.074301415999103,1186592.0
flexor,5.865221863962331,733199.0
flexural,5.375599607952467,237465.0
flexure,5.511562532733378,324760.0
flick,5.64683094806284,443436.0
flicked,5.699289527504592,500368.0
flicker,5.852742199056415,712430.0
flickered,5.694023117631433,494337.0
flickering,5.874005514190825,748179.0
flickers,5.06650482529189,116548.0
flicking,5.282583597835939,191683.0
flicks,5.00767098043814,101782.0
flier,5.250468796700486,178020.0
fliers,5.335550165927916,216546.0
flies,6.597524834507098,3958447.0
flight,7.109643972978312,12871939.0
flightless,4.747769040997915,55946.0
flights,6.296197304053615,1977868.0
flighty,5.063314590418204,115695.0
flimsy,5.671199695914673,469029.0
flinch,5.392876260519233,247102.0
flinching,5.112514514091409,129573.0
fling,5.921168654313878,834005.0
flinging,5.6209393292465215,417772.0
flings,5.384588152904016,242431.0
flint,6.327646597510112,2126408.0
flintlock,4.854828096089286,71586.0
flinty,5.073736674621221,118505.0
flip,6.1956517295201845,1569104.0
flipflop,4.246892320153599,17656.0
flippancy,4.826638371506567,67087.0
flippant,5.265857468206362,184441.0
flipped,5.931737478512361,854550.0
flipper,4.9769228513748285,94825.0
flippers,5.024883656973391,105897.0
flipping,5.571211378805298,372573.0
flips,5.228646697043077,169296.0
flirt,5.524658307476895,334702.0
flirtation,5.4193277969967575,262620.0
flirtatious,5.0916669575956846,123500.0
flirted,5.248228370102044,177104.0
flirting,5.552156980641853,356580.0
flit,5.372072045954514,235544.0
flitting,5.480739735593566,302510.0
float,6.450069038990588,2818831.0
floated,6.237098911490777,1726231.0
floater,4.920566790076282,83285.0
floaters,4.834954500483976,68384.0
floating,6.6974192396671315,4982178.0
floats,5.95434769247551,900218.0
floaty,3.8943714538562375,7841.0
flocculation,5.193052209908273,155974.0
flocculent,4.880790734074943,75996.0
flock,6.428114213168305,2679873.0
flocked,5.750078516045986,562443.0
flocking,5.289539902141332,194778.0
floe,5.14405710501443,139334.0
floes,5.060335147467138,114904.0
flog,5.012579944984761,102939.0
flogged,5.383434742913894,241788.0
flogging,5.4048354264373675,254001.0
flonk,0.0001,1.0
flood,6.7727521931113035,5925871.0
flooded,6.16356654731844,1457359.0
flooding,6.0639320247836785,1158596.0
floods,6.176806676311136,1502473.0
floor,7.448587962396175,28092343.0
floorboards,5.177034101544893,150326.0
flooring,5.733083257876814,540858.0
floors,6.47820606922312,3007503.0
floozy,4.120705515658274,13204.0
flop,5.7851596436659,609761.0
flopped,5.450721646916607,282307.0
flopping,5.080482179068043,120360.0
floppy,5.862815093274122,729147.0
flops,5.401862164093388,252268.0
flora,6.426033925837907,2667067.0
floral,6.080283316447271,1203049.0
florence,6.759158628671703,5743262.0
florent,4.755280150964325,56922.0
florentine,5.968070406410158,929117.0
flores,5.768619604495896,586975.0
floret,4.888914868093152,77431.0
florid,5.603384738447706,401222.0
florida,7.005790713681975,10134229.0
florin,5.018250995971049,104292.0
florist,5.392315239394912,246783.0
flory,5.091719702710245,123515.0
floss,5.452597486141991,283529.0
flossy,4.470160486526572,29523.0
flotation,5.619048437290336,415957.0
flotilla,5.5472478192272225,352572.0
flotsam,5.024637521070686,105837.0
flounced,4.818067459436275,65776.0
flounder,5.421176001852093,263740.0
floundered,5.141603395538321,138549.0
floundering,5.299918953300917,199489.0
flounders,4.763944347159184,58069.0
flour,6.753887188302361,5673972.0
floured,5.235932253986295,172160.0
flourish,6.218880650525307,1655315.0
flourished,6.22208016690798,1667555.0
flourishes,5.624038575085399,420764.0
flourishing,6.139666607783362,1379325.0
flout,5.045796141049643,111121.0
flouted,5.013599732612472,103181.0
flouting,4.876454558962284,75241.0
flow,7.478155799395032,30071549.0
flowed,6.347346996387177,2225087.0
flower,6.982722709789012,9609985.0
flowered,6.016851231513798,1039564.0
flowering,6.334644115384025,2160947.0
flowers,7.260011250739521,18197480.0
flowery,5.672456233985902,470388.0
flowing,6.699851942060721,5010164.0
flowmeter,4.867255297613679,73664.0
flown,6.152785052154154,1421625.0
flows,6.843923983474597,6981102.0
flu,5.864160300035781,731409.0
flub,4.122772729138599,13267.0
flubber,3.5721743136130595,3734.0
fluctuate,5.611540632305388,408828.0
fluctuated,5.395399788751339,248542.0
fluctuates,5.333358592787851,215456.0
fluctuating,5.8504048253269065,708606.0
fluctuation,5.902469588704322,798858.0
fluctuations,6.413222623847871,2589540.0
flue,5.755746072075661,569831.0
fluency,5.8150594733038625,653220.0
fluent,5.860114512050921,724627.0
fluently,5.434158365635873,271743.0
fluff,5.2930087866585644,196340.0
fluffy,5.665739484269738,463169.0
fluid,7.135321886177859,13655949.0
fluidity,5.650307523131937,447000.0
fluidized,5.2521853057381565,178725.0
fluids,6.460587263771792,2887934.0
fluish,2.496929648073215,314.0
fluke,5.334172172724606,215860.0
flume,5.240721434370093,174069.0
flummox,3.3434085938038574,2205.0
flung,6.455546782838432,2854610.0
flunk,4.739168713981088,54849.0
fluor,4.980285230444463,95562.0
fluorescein,5.388069214710617,244382.0
fluorescence,6.1633245030462955,1456547.0
fluorescent,6.086608944572948,1220700.0
fluoridation,5.043719785111739,110591.0
fluoride,6.02697264788561,1064076.0
fluorinated,4.867296564948333,73671.0
fluorine,5.724858089306024,530711.0
fluorite,5.029233575117564,106963.0
fluoroscopic,5.022048764758377,105208.0
fluoroscopy,5.090205129989329,123085.0
fluorspar,4.812385200789701,64921.0
flurries,4.780057954424528,60264.0
flurry,5.675433701323556,473624.0
flush,6.318267488895382,2080978.0
flushed,6.285733916186362,1930785.0
flushing,5.944498464389653,880032.0
flustered,5.390988066615901,246030.0
flute,6.195722025607022,1569358.0
fluted,5.509441788971979,323178.0
flutes,5.6438976003455945,440451.0
fluting,4.854233147099496,71488.0
flutter,5.907538727977476,808237.0
fluttered,5.81580214223188,654338.0
fluttering,5.894841440518375,784949.0
flutters,5.038385667048931,109241.0
fluvial,5.12377979683995,132978.0
flux,6.602862368728866,4007397.0
fluxes,5.71851746600929,523019.0
fly,7.029176525125925,10694895.0
flycatcher,5.169932935692528,147888.0
flyer,5.607776603741693,405300.0
flyers,5.5342406605563665,342169.0
flying,6.946287604751245,8836649.0
flywheel,5.414699321941859,259836.0
foal,5.411560786048546,257965.0
foals,5.101365524368886,126289.0
foam,6.319670379487281,2087711.0
foamed,5.073678034219177,118489.0
foaming,5.736685670017579,545363.0
foams,5.279568851759667,190357.0
foamy,5.215645493267996,164303.0
fob,5.597438481516067,395766.0
focal,6.486312997998477,3064171.0
foci,5.87684803417111,753092.0
focsi,0.0001,1.0
focus,7.29453341535891,19703048.0
focused,6.888012373567344,7727026.0
focuses,6.480987025393036,3026823.0
focusing,6.516774467496239,3286809.0
focussed,5.3459576257045756,221798.0
focussing,5.033459945185892,108009.0
fodder,5.772298964355608,591969.0
foe,6.411673231984464,2580318.0
foeman,4.809472173591847,64487.0
foes,6.219883295560143,1659141.0
foetus,5.493152612982605,311281.0
fog,6.4730619564719705,2972090.0
fogged,4.890113494290917,77645.0
foggy,5.6155597473826155,412629.0
foible,4.818357877958355,65820.0
foibles,5.363478474922948,230929.0
foil,6.230470635559519,1700085.0
foiled,5.453834904317557,284338.0
foist,4.818417257829728,65829.0
foisted,4.965606164040361,92386.0
fold,6.723799605410686,5294191.0
folded,6.590580488701799,3895655.0
folder,6.564698368879891,3670273.0
folders,6.017909395896689,1042100.0
folding,6.262023467053204,1828199.0
folds,6.370053941853111,2344520.0
folia,5.2681659455204075,185424.0
foliaceous,4.7369459952260415,54569.0
foliage,6.412628856425515,2586002.0
foliar,5.038647974978328,109307.0
foliate,4.831479437454984,67839.0
foliated,5.024686759412272,105849.0
foliation,5.023783168301277,105629.0
folie,4.948236864749533,88764.0
folio,6.224994304033268,1678782.0
folk,6.874425396340257,7489027.0
folklore,6.258498880182181,1813422.0
folkloric,4.987827084954739,97236.0
folklorist,4.919501715256757,83081.0
folks,6.676683643595039,4749891.0
folksongs,4.936574056968526,86412.0
folksy,4.826081284659646,67001.0
folley,4.120935692561131,13211.0
follicle,5.765514326763651,582793.0
follicular,5.6928874397928695,493046.0
follies,5.884670210219317,766779.0
follow,7.554843852492736,35879291.0
followed,7.632498381180371,42904059.0
follower,6.06295407719558,1155990.0
followers,6.761470536610673,5773917.0
followeth,5.08087530532576,120469.0
following,8.013025300948883,103044615.0
follows,7.510015974796154,32360556.0
folly,6.501862169860763,3175866.0
folsom,5.519842426283038,331011.0
fom,4.751663946260987,56450.0
foment,5.104848872667676,127306.0
fona,3.5174598265402324,3292.0
fond,6.6894780145178885,4891905.0
fonder,5.042272227282038,110223.0
fondle,4.974861566408699,94376.0
fondling,5.169465758031694,147729.0
fondly,5.882244974087374,762509.0
fondness,5.9616047404395935,915387.0
fondu,4.018658897585517,10439.0
fondue,4.880070084064068,75870.0
fons,4.785429497717888,61014.0
font,6.340206476873249,2188802.0
fonts,5.902588630457751,799077.0
foo,5.296733180539901,198031.0
food,7.727531863478905,53398845.0
foods,6.903643739279763,8010207.0
foodservice,4.8120639819955855,64873.0
foodstuff,4.861982214110848,72775.0
foodstuffs,5.854646662322453,715561.0
fool,6.82670070781194,6709663.0
fool.,1.8692317197309762,74.0
fooled,5.796786572254413,626306.0
foolery,4.761175813155732,57700.0
foolhardy,5.33722358011681,217382.0
fooling,5.605972678066446,403620.0
foolish,6.660865098707212,4579996.0
foolishly,5.720632220004145,525572.0
foolishness,5.813550300009033,650954.0
foolproof,5.184759550099662,153024.0
fools,6.278247467355957,1897787.0
foolscap,4.875009144926701,74991.0
foot,7.444797456796616,27848221.0
footage,5.809037574180316,644225.0
football,6.650880277981967,4475899.0
footbridge,4.9224451775821745,83646.0
footed,5.888585507061318,773723.0
footer,5.489798224712804,308886.0
footfall,4.997766335046029,99487.0
footfalls,5.029801635773017,107103.0
foothill,5.024424090392274,105785.0
foothills,5.8036462247392615,636277.0
foothold,5.749279370569541,561409.0
footing,6.2606017623101,1822224.0
footings,5.336381673908398,216961.0
footlights,5.2338486236702,171336.0
footman,5.639181579249884,435694.0
footnote,6.27196444572981,1870529.0
footnotes,5.971597738362613,936694.0
footpath,5.280300588013138,190678.0
footprint,5.45058470981299,282218.0
footsore,4.741813177023316,55184.0
footstep,5.334584421959891,216065.0
footsteps,6.362058151823523,2301750.0
footstool,5.338053887389674,217798.0
footwear,5.557586594747546,361066.0
footwork,4.950734723519534,89276.0
fop,5.209997296082369,162180.0
for,9.386081273989975,2432659215.0
fora,5.383677159383974,241923.0
forage,5.982503699315814,960514.0
forages,4.856692647328333,71894.0
foraging,5.756550914282641,570888.0
foramen,5.943012963685896,877027.0
forasmuch,5.139979780693805,138032.0
foray,5.3753745976957985,237342.0
forays,5.4174916221295275,261512.0
forbade,6.079438127629441,1200710.0
forbear,5.748120551014759,559913.0
forbearance,5.785504941413895,610246.0
forbearing,5.057947429511732,114274.0
forbears,4.973746513389169,94134.0
forbid,6.249324834886492,1775517.0
forbidden,6.633122498215941,4296576.0
forbidding,6.0782628285341955,1197465.0
forbids,5.926097958532913,843525.0
forbore,5.011718425265579,102735.0
force,7.796974047014606,62657642.0
forced,7.305981821105413,20229345.0
forceful,6.0234664667363775,1055520.0
forcefully,5.851814623265056,710910.0
forcefulness,4.854542865117994,71539.0
forcep,3.761401557498631,5773.0
forceps,5.987213415421848,970987.0
forces,7.538009249244642,34515109.0
forcible,5.940168212478047,871301.0
forcibly,6.125970587835053,1336505.0
forcing,6.522021209919868,3326758.0
ford,6.927382837275843,8460243.0
fording,4.994299551726073,98696.0
fords,5.388710279209198,244743.0
fore,6.4875806495944754,3073128.0
forearm,6.08820982387116,1225208.0
forearms,5.467020263599739,293103.0
forebears,5.5177710561180735,329436.0
foreboding,5.5999016219443405,398017.0
forebrain,5.331670190532614,214620.0
forecast,6.330711589109774,2141468.0
forecasted,5.140881840473704,138319.0
forecaster,4.9304803716769126,85208.0
forecasters,4.9700538378563595,93337.0
forecasting,6.112888071945803,1296845.0
forecastle,5.3929008655427175,247116.0
forecasts,6.061835710548615,1153017.0
foreclose,5.3767630433902465,238102.0
foreclosed,5.334009176084139,215779.0
foreclosing,4.762198249051364,57836.0
foreclosure,5.869311528680566,740136.0
foreclosures,5.001876435549106,100433.0
forecourt,4.868826580559005,73931.0
forefather,4.78126696748345,60432.0
forefathers,5.927610031556278,846467.0
forefinger,5.792149958371247,619655.0
forefoot,5.057376985097583,114124.0
forefront,5.804911884598898,638134.0
forego,5.714891966343185,518671.0
foregoing,6.542256364961205,3485430.0
foregone,5.492756199670794,310997.0
foreground,6.141740042216894,1385926.0
forehand,5.095430895843094,124575.0
forehead,6.694574577899707,4949651.0
foreheads,5.451926062539005,283091.0
foreign,7.6905464497585445,49039547.0
foreigner,6.093354434358389,1239808.0
foreigners,6.531019599422486,3396406.0
foreignness,4.797821311364023,62780.0
foreknowledge,5.368470979299046,233599.0
forel,4.805283316618868,63868.0
foreland,4.864463614586745,73192.0
foreleg,4.85987651076628,72423.0
forelimb,4.74029951479315,54992.0
forelock,4.889581802149624,77550.0
foreman,6.2533649055462766,1792111.0
foremast,4.996533561445376,99205.0
foremost,6.445945589525082,2792194.0
forenoon,5.650578508281721,447279.0
forensic,6.04374805882737,1105982.0
forepart,4.786893325261316,61220.0
foreplay,4.985372576904381,96688.0
forerunner,5.779000912054928,601175.0
forerunners,5.458391553110642,287337.0
foresail,4.7715654349165355,59097.0
foresaw,5.803218051326463,635650.0
foresee,5.968476410738331,929986.0
foreseeability,4.832476978114369,67995.0
foreseeable,5.762403948804804,578634.0
foreseeing,5.347322207705521,222496.0
foreseen,6.00379603284432,1008779.0
foresees,5.121428518367963,132260.0
foreshadow,5.078935076086468,119932.0
foreshortened,5.0104398922754445,102433.0
foreshortening,4.8892736826036005,77495.0
foresight,5.982817828540558,961209.0
foreskin,5.133107593122753,135865.0
forest,7.266450600273903,18469307.0
forest.,0.0001,1.0
forestall,5.651667541003727,448402.0
forestalled,5.199952538984617,158472.0
forested,5.674538743378647,472649.0
forester,5.656009991968385,452908.0
forestry,6.172508356792018,1487676.0
forests,6.768812523863939,5872358.0
foretaste,5.2222767530045004,166831.0
foretell,5.440253999471356,275584.0
forethought,5.4252031567329935,266197.0
foretold,5.832964682674853,680714.0
forever,6.988947240494112,9748712.0
forevermore,5.054835123697048,113458.0
forewarning,4.762693565004856,57902.0
forewing,4.954613913640245,90077.0
foreword,6.133390073142897,1359534.0
forfeit,5.861454354704289,726866.0
forfeited,5.902872785446079,799600.0
forfeits,5.1080268959086945,128241.0
forfeiture,5.950959897386951,893223.0
forfeitures,5.233402277811895,171160.0
forgave,5.653902011829189,450715.0
forge,6.179273086910249,1511030.0
forged,6.179838353938892,1512998.0
forger,5.178237154099371,150743.0
forgeries,5.3202377069053925,209044.0
forgery,5.80446860776539,637483.0
forget,7.136519540563799,13693660.0
forget-me-not,0.0001,1.0
forgetful,5.624785214529042,421488.0
forgetfulness,5.744075390124619,554722.0
forgets,5.872737080976602,745997.0
forgetting,6.315880959713388,2069574.0
forging,5.8901341891366625,776487.0
forgings,5.045866484797428,111139.0
forgive,6.694325756802264,4946816.0
forgiven,6.182582687892235,1522589.0
forgiveness,6.458350742139663,2873100.0
forgiver,4.105510184769974,12750.0
forgiving,5.83355443064398,681639.0
forgo,5.452781256805189,283649.0
forgo.,0.0001,1.0
forgone,4.936418227402705,86381.0
forgot,6.636122152693338,4326355.0
forgotten,7.003020758700068,10069798.0
fork,6.525616791442573,3354415.0
forked,5.75026610975434,562686.0
forklift,4.900552824955497,79534.0
forks,6.04068183483346,1098201.0
forlorn,5.9475381164774195,886213.0
forlornly,4.911045690220775,81479.0
form,8.100977189081608,126176126.0
forma,5.830818905605569,677359.0
formal,7.211135845461832,16260573.0
formaldehyde,5.892715533773586,781116.0
formalism,5.772877424029239,592758.0
formalist,5.204545925172405,160157.0
formalistic,4.956816505927174,90535.0
formalities,5.736848093042595,545567.0
formality,5.938667300183497,868295.0
formalization,5.265541830084194,184307.0
formalize,5.134282320366501,136233.0
formalized,5.750817613494796,563401.0
formally,6.567530749235051,3694288.0
formamide,4.881983467417948,76205.0
formant,4.992778780038518,98351.0
format,6.893944648602333,7833298.0
formate,5.220055760251341,165980.0
formation,7.333546233996278,21554911.0
formations,6.301271396292762,2001112.0
formative,6.051576958472539,1126100.0
formats,6.205026710921777,1603344.0
formatted,5.593387981317551,392092.0
formatting,6.026440512524126,1062773.0
forme,5.570645664061257,372088.0
formed,7.496043932740281,31336027.0
former,7.541844407087857,34821254.0
formerly,6.953100358554725,8976362.0
formic,5.438657828867505,274573.0
formidable,6.5050746488380335,3199445.0
forming,6.988619727100883,9741363.0
formless,5.533683106579122,341730.0
formlessness,4.757676862725937,57237.0
forms,7.677121265919521,47546797.0
formula,7.126323305479788,13375909.0
formulae,6.052621232865378,1128811.0
formulaic,5.275502540262622,188583.0
formulary,5.222334019631703,166853.0
formulas,6.576601963881566,3772263.0
formulate,6.235139680391202,1718461.0
formulated,6.444924054578207,2785634.0
formulating,5.958502724137307,908872.0
formulation,6.581996849370447,3819415.0
formulations,6.067591548301512,1168400.0
formwork,4.7389469533217,54821.0
formyl,4.787616310807244,61322.0
forney,5.036333410749742,108726.0
fornicate,4.324858388198868,21128.0
fornication,5.525579891063305,335413.0
fornix,5.168143775495959,147280.0
forsake,5.907427485270367,808030.0
forsaken,5.940486103177922,871939.0
forsakes,4.927883410330707,84700.0
forsook,5.4659283514366575,292367.0
forsooth,5.423403174768048,265096.0
forswear,4.882342357895829,76268.0
forsworn,4.897550120891006,78986.0
fort,7.173377869511349,14906575.0
forte,5.804339829700393,637294.0
fortescue,5.212408691935515,163083.0
forth,7.42250596006606,26454890.0
forthcoming,6.31538564762768,2067215.0
forthe,5.101368963249251,126290.0
forthright,5.516721743405199,328641.0
forthrightly,4.894482215010091,78430.0
forthwith,6.100455327668859,1260246.0
forties,5.977421780055248,949340.0
fortieth,5.467998573076774,293764.0
fortification,5.67604305234595,474289.0
fortifications,6.0520926685116585,1127438.0
fortified,6.247073074583568,1766335.0
fortify,5.621925779681766,418722.0
fortifying,5.279486710940417,190321.0
fortin,4.792965699470697,62082.0
fortiori,5.205169164091119,160387.0
fortis,4.9911418675786265,97981.0
fortissimo,4.849910558301496,70780.0
fortitude,5.9272445739634065,845755.0
fortnight,6.121450846559115,1322668.0
fortnightly,5.365482368977669,231997.0
fortress,6.433220339868947,2711567.0
fortresses,5.752765786122679,565934.0
forts,6.183480532186519,1525740.0
fortuitous,5.657078810548901,454024.0
fortuitously,4.978801146346359,95236.0
fortunate,6.60716292899119,4047277.0
fortunately,6.653488251473522,4502858.0
fortune,7.024846663450724,10588798.0
fortunes,6.483509987096714,3044458.0
forty,7.260549254573286,18220037.0
forum,6.569059254072285,3707313.0
forum.,2.1172712956557644,131.0
forums,5.738372224870204,547485.0
forward,7.486442565250461,30650853.0
forwarded,6.079854604040133,1201862.0
forwarder,4.869014518185112,73963.0
forwarding,5.73856256403315,547725.0
forwardness,4.872016343260914,74476.0
forwards,5.946959955137092,885034.0
fossa,5.945027665737126,881105.0
fosse,5.207505109872126,161252.0
fossil,6.350216802296436,2239839.0
fossiliferous,5.081253668717222,120574.0
fossilized,5.153415434563544,142369.0
foster,6.816014081342243,6546574.0
fostered,6.111165694190559,1291712.0
fostering,5.943773897985032,878565.0
fosters,5.6301368918000305,426714.0
fot,5.666167783072204,463626.0
fou,5.153140804109975,142279.0
fought,6.973911786410694,9416983.0
foul,6.435537800008587,2726075.0
fouled,5.250851642362152,178177.0
foulest,4.936367947871077,86371.0
fouling,5.335494006812819,216518.0
foully,4.809876062036633,64547.0
foulness,4.8839905794146965,76558.0
foun,4.737852332664364,54683.0
found,8.204386620029185,160098263.0
foundation,7.251329652286488,17837322.0
foundational,5.596399144173987,394820.0
foundations,6.740291933211433,5499104.0
founded,7.087355607635992,12228005.0
founder,6.607867782080966,4053851.0
foundered,5.303027492524745,200922.0
foundering,4.893506546007987,78254.0
founders,6.2888923637138765,1944878.0
founding,6.504149678478353,3192638.0
foundling,5.29011255465944,195035.0
foundry,5.866419675333228,735224.0
fount,5.452123918449042,283220.0
fountain,6.539243759323931,3461336.0
fountainhead,4.960718059947512,91352.0
fountains,6.063164037434185,1156549.0
four,8.00158160524476,100364842.0
fourfold,5.528943682232721,338021.0
fourpence,4.757714799332841,57242.0
fours,5.728354593785856,535001.0
fourscore,5.106109268076676,127676.0
foursome,4.946383479897064,88386.0
fourteen,6.8052814806484605,6386773.0
fourteenth,6.52645313551075,3360881.0
fourth,7.3395107676444695,21852985.0
fourthly,5.329623613133184,213611.0
fovea,5.277652756159054,189519.0
foveal,4.755104633736051,56899.0
fowl,6.059820813491362,1147680.0
fowler,6.155382501451984,1430153.0
fowling,4.99567467411959,99009.0
fox,6.849727180808252,7075012.0
foxglove,4.942628030974715,87625.0
foxhole,4.899015710748288,79253.0
foxholes,4.800730821561192,63202.0
foxtail,4.743588150159904,55410.0
foxtrot,4.522209416262479,33282.0
foxy,5.12077787011696,132062.0
foy,5.37989807488846,239827.0
foyer,5.691433384560156,491398.0
fps,5.188154778916017,154225.0
fra,5.887838329225497,772393.0
fracas,5.014713702237004,103446.0
fracking,0.0001,1.0
fraction,6.84920712890482,7066545.0
fractional,6.120740049971794,1320505.0
fractionally,4.736595674250738,54525.0
fractionated,5.1429335577165745,138974.0
fractionation,5.598605591413247,396831.0
fractions,6.450385535438835,2820886.0
fractious,4.998019450933558,99545.0
fracture,6.633251152984469,4297849.0
fractured,5.905641557024553,804714.0
fractures,6.4026126319095615,2527043.0
frae,5.306806610078623,202678.0
fragile,6.298453079452771,1988168.0
fragility,5.573342799857767,374406.0
fragment,6.560262767940466,3632978.0
fragmentary,5.966086796881521,924883.0
fragmentation,6.073689762933034,1184922.0
fragmented,5.992568097158021,983033.0
fragments,6.774579295287114,5950854.0
fragrance,6.099382263250459,1257136.0
fragrances,5.094554974670975,124324.0
fragrant,6.166392810874748,1466874.0
fraid,4.766197133617882,58371.0
frail,6.168212476345256,1473033.0
frailty,5.57550421022356,376274.0
frame,7.173753744822513,14919482.0
framed,6.484954205243756,3054599.0
frames,6.590824787998684,3897847.0
frameset,4.765958980524418,58339.0
framework,6.948933806714787,8890656.0
framing,6.227092942531345,1686914.0
fran,5.859446338879441,723513.0
franc,5.837143184473139,687295.0
france,7.572104662732022,37334012.0
franchise,6.347662489278968,2226704.0
franchised,5.045412958411466,111023.0
franchisee,5.3713597578928844,235158.0
franchises,5.79772099283384,627655.0
franchising,5.239126728236102,173431.0
franchisor,5.353237054922488,225547.0
francisca,5.025891358260705,106143.0
franco,6.2412363374101485,1742755.0
francophone,5.0870285562364455,122188.0
francs,6.31685083930527,2074201.0
frank,7.217742154212034,16509813.0
frank (honest),0.0001,1.0
frankest,4.409239726748785,25659.0
frankfort,5.892593198238839,780896.0
frankfurst,0.0001,1.0
frankfurter,5.743340403897654,553784.0
frankfurters,4.680398975612079,47907.0
frankincense,5.195772388247538,156954.0
franklin,6.953343410156406,8981387.0
frankly,6.403018887809044,2529408.0
frankness,5.833869696862013,682134.0
franks,5.955474638836722,902557.0
frantic,6.1368036140728,1370262.0
frantically,5.900272611522636,794827.0
frapuccino,0.0001,1.0
frat,4.930057124920841,85125.0
frater,4.990725018635123,97887.0
fraternal,5.984681201840614,965342.0
fraternally,4.925327564899124,84203.0
fraternities,5.699973800822002,501157.0
fraternity,6.301651677336045,2002865.0
fraternize,4.651936711201844,44868.0
fratricidal,4.834821112779797,68363.0
fratricide,4.808055598740809,64277.0
frau,5.885691339295598,768584.0
fraud,6.653540041299338,4503395.0
frauds,5.8882351115130165,773099.0
fraudulent,6.141719359930591,1385860.0
fraudulently,5.403832317826136,253415.0
fraught,5.909170769708037,811280.0
fray,6.02120542970827,1050039.0
frayed,5.537874479823318,345044.0
fraying,4.799237133693621,62985.0
frazer,5.677398879476548,475772.0
frazzled,4.7968933461460255,62646.0
freak,5.808404099839809,643286.0
freaked,5.042209180403459,110207.0
freaking,4.929904042620383,85095.0
freakish,4.963816149975169,92006.0
freaks,5.470338445631405,295351.0
freaky,4.758101563554099,57293.0
freckle,4.808629531006052,64362.0
freckled,5.336709831455155,217125.0
freckles,5.4809464181013645,302654.0
frederik,4.958621212042842,90912.0
free,7.894565693635874,78445077.0
freebee,3.1109262422664203,1291.0
freeboard,4.765549349520661,58284.0
freebooters,4.890398660723126,77696.0
freeborn,5.061169643204905,115125.0
freed,6.522923388458457,3333676.0
freedman,5.832697279015265,680295.0
freedmen,5.834143378853778,682564.0
freedom,7.463448079440309,29070204.0
freedoms,5.94722927106279,885583.0
freehand,5.292318108994165,196028.0
freehold,5.601110019662598,399126.0
freeholder,4.916922207642099,82589.0
freeholders,5.437124029643722,273605.0
freeing,5.944493035872102,880021.0
freelance,5.652437813949844,449198.0
freely,6.89191076813598,7796699.0
freeman,6.488945350313971,3082800.0
freemason,4.904969665694646,80347.0
freemasonry,5.47496615876038,298515.0
freer,5.915755884574414,823675.0
frees,5.621279128815659,418099.0
freest,5.203568621688388,159797.0
freestanding,5.2936564052317365,196633.0
freestone,4.981732554900802,95881.0
freestyle,4.981370042400207,95801.0
freethinker,4.787304582291352,61278.0
freethinkers,4.843730965112092,69780.0
freeway,5.729006762020002,535805.0
freeways,5.153177431539331,142291.0
freewheeling,4.898714214418647,79198.0
freewill,4.9726147134680305,93889.0
freeze,6.340206476873249,2188802.0
freezer,5.806647945501598,640690.0
freezers,4.957310313905795,90638.0
freezes,5.606979720117575,404557.0
freezing,6.456577206823073,2861391.0
freight,6.610563713459021,4079094.0
freighter,5.433411373088465,271276.0
freighters,5.188391256823678,154309.0
freighting,4.847190015369714,70338.0
freights,5.089965131732338,123017.0
french,7.728074493650247,53465606.0
french fries,5.216754243223752,164723.0
french-fry,0.0001,1.0
frenetic,5.203457178053962,159756.0
frenzied,5.720495028008507,525406.0
frenzy,6.034475243552833,1082618.0
frequencies,6.633482090192313,4300135.0
frequency,7.302834362091648,20083267.0
frequent,7.092830923238264,12383144.0
frequented,5.884574480084644,766610.0
frequently,7.474456458676492,29816486.0
fresco,5.777305725076167,598833.0
frescoed,4.856148638247037,71804.0
frescoes,5.751078851146172,563740.0
frescos,4.8717888616416944,74437.0
fresh,7.310671543981487,20448975.0
freshen,5.088664011602719,122649.0
freshened,5.10617049140508,127694.0
fresher,5.3588557932242376,228484.0
freshet,4.881886573121977,76188.0
freshly,6.2926516309297424,1961786.0
freshman,6.1027577619118825,1266945.0
freshmen,5.904548393570707,802691.0
freshness,5.996453879123901,991868.0
freshwater,5.961390241450005,914935.0
fresnel,5.3077676544321815,203127.0
fresno,5.660237288204806,457338.0
fret,5.80891081834466,644037.0
fretful,5.321718533455922,209758.0
fretted,5.526039303816208,335768.0
fretting,5.4136400237259705,259203.0
friable,5.36328284423266,230825.0
friar,6.016517726234473,1038766.0
fribulous,0.0001,1.0
fricative,4.9284829072832395,84817.0
friction,6.63215773829927,4287042.0
frictional,5.642718691139786,439257.0
frictionless,5.110848863002503,129077.0
frictions,5.160558562107558,144730.0
friday,6.755833176640738,5699453.0
fridge,5.512780421235357,325672.0
fried,6.317599143545779,2077778.0
friend,7.645067880022755,44163947.0
friend.,2.7551122663950713,569.0
friendless,5.401305743942208,251945.0
friendlier,5.056043027027119,113774.0
friendliness,5.833210242645256,681099.0
friendly,6.995121019074187,9888286.0
friends,7.673731682939987,47177148.0
friendship,6.966586551067397,9259479.0
friendships,6.179414759980317,1511523.0
fries,5.818344021486745,658179.0
frieze,5.702364180830719,503923.0
friezes,4.996726139650066,99249.0
frig,4.329377537222727,21349.0
frigate,5.942344438895045,875678.0
frigates,5.589671519189681,388751.0
fright,6.134287739729011,1362347.0
frighten,5.974813245376338,943655.0
frightened,6.70103208224964,5023797.0
frightening,6.184260896939714,1528484.0
frighteningly,4.93455904624614,86012.0
frightful,6.100376404606759,1260017.0
frightfully,5.391386820835219,246256.0
frigid,5.6689503190058215,466606.0
frigidity,5.037669475493575,109061.0
frill,5.035789833127757,108590.0
frilled,4.818252293691889,65804.0
frills,5.345512917770525,221571.0
frilly,4.949663184653949,89056.0
fringe,6.290392367165132,1951607.0
fringed,5.814403434193202,652234.0
fringing,5.109041674233107,128541.0
frisbee,5.042607010444404,110308.0
frisk,5.061859439431109,115308.0
frisky,5.029517698323769,107033.0
frit,4.920185960401147,83212.0
frith,5.30431168916084,201517.0
frittata,4.559116279991961,36234.0
fritter,4.7737645103625415,59397.0
fritters,5.092250313678928,123666.0
fritzed,2.6473829701146196,444.0
frivolity,5.395637365884245,248678.0
frivolous,5.986079894140016,968456.0
frizz,4.154667377622576,14278.0
frizzy,4.712935770420799,51634.0
fro,6.236664206053895,1724504.0
frock,5.766948691614511,584721.0
frog,6.319346573095247,2086155.0
frogs,6.091415451136738,1234285.0
frolic,5.561205172399866,364087.0
frolicking,4.9269646267133655,84521.0
frolics,4.908961944675882,81089.0
frolicsome,4.792181496149679,61970.0
from,9.10625353895936,1277184205.0
fron,5.284764504688379,192648.0
frond,5.235273350242927,171899.0
front,7.675154727386773,47331986.0
frontage,5.372333785734651,235686.0
frontal,6.3744273625951635,2368249.0
frontalis,4.94057126633176,87211.0
fronted,5.484493448806044,305136.0
frontier,6.818558153566385,6585036.0
frontiers,6.229765263887399,1697326.0
frontiersman,5.117582815057577,131094.0
frontiersmen,5.249780288953379,177738.0
fronting,5.495052876678801,312646.0
frontispiece,5.814030394186056,651674.0
frontline,5.23429451126779,171512.0
fronts,6.090085500377666,1230511.0
frosh,4.616023654653256,41307.0
frost,6.557828893742051,3612675.0
frostbite,5.1600120870480275,144548.0
frosted,5.534455109112577,342338.0
frosting,5.43953321262022,275127.0
frosts,5.498718461109633,315296.0
frosty,5.678697704722652,477197.0
froth,5.585722355415626,385232.0
frothing,5.012824575167113,102997.0
frothy,5.320069394635625,208963.0
froward,4.837922867687515,68853.0
frown,6.094129638256501,1242023.0
frowned,6.3074361310944544,2029720.0
frowning,5.924126739187902,839705.0
frowns,5.447999436827391,280543.0
froze,5.9919575557447295,981652.0
frozen,6.742272302344009,5524237.0
fructification,4.756392652570267,57068.0
fructose,5.656216107024849,453123.0
frugal,5.631245856111432,427805.0
frugality,5.45282565638422,283678.0
fruit,7.197499387404151,15757938.0
fruitage,4.8306079132136395,67703.0
fruitcake,4.6754392030514795,47363.0
fruited,4.942261110922054,87551.0
fruitful,6.305499262382894,2020688.0
fruitfully,5.039053048593113,109409.0
fruitfulness,5.250110029922435,177873.0
fruiting,5.53155299625318,340058.0
fruition,5.690872697545649,490764.0
fruitless,5.985062088763733,966189.0
fruitlessly,4.885892453344317,76894.0
fruits,6.843676565979088,6977126.0
fruity,5.240034778948832,173794.0
frump,4.247580506233836,17684.0
frumpy,4.351776987317764,22479.0
frustrate,5.626656476182549,423308.0
frustrated,6.382510524292087,2412740.0
frustrating,5.9739955751309255,941880.0
frustration,6.512552860833449,3255014.0
frustrations,5.863211000013744,729812.0
frustum,4.9724851768972345,93861.0
fry,6.262857427693985,1831713.0
fryer,5.262422610469991,182988.0
frying pan,5.461091654134615,289129.0
ftp,5.844754190868891,699446.0
fuchsia,5.002528902545451,100584.0
fuchsin,5.006427531671524,101491.0
fuck,6.258747877268941,1814462.0
fucked,5.611399324558444,408695.0
fucker,4.977572718892295,94967.0
fuckin,5.552843358397899,357144.0
fucking,6.201086178364623,1588862.0
fuddle,3.913866811896239,8201.0
fudge,5.550280954553157,355043.0
fuel,7.015516760532412,10363746.0
fueled,5.8418829365280684,694837.0
fueling,5.228248893910432,169141.0
fuelled,4.854269595979677,71494.0
fuels,6.1674833394110955,1470562.0
fuer,4.908881600611612,81074.0
fuerte,4.878740036824943,75638.0
fugacity,4.830723362479948,67721.0
fugitive,6.214610484484032,1639119.0
fugitives,5.895593798898112,786310.0
fugue,5.6675752852872305,465131.0
fuh,4.754783940865894,56857.0
fuit,5.588314293632462,387538.0
fuji,5.342252877970196,219914.0
fulcrum,5.548109217034661,353272.0
fulfil,6.0947844204001385,1243897.0
fulfill,6.460559592526379,2887750.0
fulfilled,6.565210307076214,3674602.0
fulfilling,6.249021912357764,1774279.0
fulfillment,6.417994856441241,2618152.0
fulfills,5.63991061570222,436426.0
fulfilment,6.031238753252526,1074580.0
fulham,4.940745524826065,87246.0
fulk,4.905180418746312,80386.0
full,7.882009237661125,76209522.0
fullback,4.937201835327356,86537.0
fuller,6.576271880572308,3769397.0
fullest,6.155000316547434,1428895.0
fulling,4.938139300765631,86724.0
fullness,6.09451969143966,1243139.0
fully,7.397458074046593,24972273.0
fulminant,5.020580860789029,104853.0
fulminate,4.750593239836581,56311.0
fulminating,4.917804738795767,82757.0
fulsome,5.093869757919962,124128.0
fulvous,4.9511139988007455,89354.0
fum,4.8898729142707,77602.0
fumarate,4.879439965995217,75760.0
fumble,5.2260583104271126,168290.0
fumbled,5.668957764958234,466614.0
fumbling,5.5763448061163015,377003.0
fume,5.432480234003,270695.0
fumed,5.283559014529583,192114.0
fumes,6.015747764163017,1036926.0
fumigates,3.1245042248342823,1332.0
fumigation,5.163209097023317,145616.0
fuming,5.432579693449066,270757.0
fun,6.977501967126789,9495153.0
function,7.7530019258543765,56624180.0
functional,7.026285813693903,10623945.0
functionalism,5.360839456683622,229530.0
functionalist,5.262598202832229,183062.0
functionality,6.06800096884566,1169502.0
functionally,5.921890831865049,835393.0
functionary,5.390823871101576,245937.0
functioned,5.921120744173961,833913.0
functioning,6.724117692053492,5298070.0
functions,7.4521454624294305,28323405.0
fund,7.144150447070108,13936395.0
fundamental,7.200692203366872,15874213.0
fundamentalism,5.579273572678578,379554.0
fundamentalist,5.71750990082971,521807.0
fundamentally,6.377833860572049,2386898.0
fundamentals,6.159062529044542,1442323.0
funded,6.294745451663203,1971267.0
funder,4.7613338465157025,57721.0
funding,6.659612658069419,4566807.0
fundraiser,4.842253421684354,69543.0
funds,7.2135297630141935,16350452.0
fundus,5.640563915275357,437083.0
funeral,6.750711686563021,5632636.0
funerals,5.7976317244520486,627526.0
funerary,5.394618011776076,248095.0
funereal,5.20677462086359,160981.0
fungal,5.881964660216028,762017.0
fungi,6.223325356673562,1672343.0
fungicide,5.210535211617645,162381.0
fungicides,5.226672066840939,168528.0
fungous,4.901076715726255,79630.0
fungus,6.081546763772541,1206554.0
funicular,4.928032080748382,84729.0
funiculus,4.779603705391958,60201.0
funk,5.785930312387271,610844.0
funky,5.300556356498442,199782.0
funnel,6.021033338669964,1049623.0
funneled,4.959866245268072,91173.0
funnels,5.170695792874276,148148.0
funnier,4.947448426868861,88603.0
funniest,5.239812319547599,173705.0
funny,6.700384107632465,5016307.0
fur,6.787198898055034,6126309.0
fur-tree,0.0001,1.0
furan,4.788267384653845,61414.0
furfural,4.837051550831765,68715.0
furioso,4.990325532666651,97797.0
furious,6.433523904041389,2713463.0
furiously,6.035662633688634,1085582.0
furled,5.079373017097475,120053.0
furlong,5.1730988177662285,148970.0
furlongs,5.019053947051712,104485.0
furlough,5.462036934159825,289759.0
furnace,6.554978056578697,3589038.0
furnaces,6.066349782944361,1165064.0
furnish,6.6958419214107545,4964116.0
furnished,6.863434810377206,7301882.0
furnishes,6.185742399745162,1533707.0
furnishing,6.1643010943164995,1459826.0
furnishings,6.087202327406636,1222369.0
furniture,6.878768457557179,7564295.0
furor,5.40214784905836,252434.0
furore,4.823832732759075,66655.0
furred,5.183514688260615,152586.0
furring,4.813220594804748,65046.0
furrow,5.784364772194381,608646.0
furrowed,5.600968541835532,398996.0
furrows,5.708425149570693,511005.0
furry,5.489643536894825,308776.0
furs,6.007156513363113,1016615.0
further,7.821363929788404,66277166.0
furtherance,5.624166543690347,420888.0
furthered,5.479493251427171,301643.0
furthering,5.600271362852828,398356.0
furthermore,7.034414865965313,10824675.0
furthest,5.607194368321236,404757.0
furtive,5.543422327039724,349480.0
furtively,5.389095173354185,244960.0
fury,6.523085810947872,3334923.0
furze,4.980607779775068,95633.0
fuscous,5.184362036914578,152884.0
fuse,6.10786905402665,1281944.0
fused,6.2191508010424394,1656345.0
fuselage,5.604079102729429,401864.0
fuses,5.726770391884385,533053.0
fusible,5.331091069040661,214334.0
fusiform,5.322086918147692,209936.0
fusillade,4.899836911228515,79403.0
fusing,5.575734988381521,376474.0
fusion,6.547507279751293,3527827.0
fuss,6.003862327092798,1008933.0
fussbudget,3.582177037688409,3821.0
fussing,5.301151581097748,200056.0
fussy,5.4368159833232435,273411.0
fust,5.463010071359221,290409.0
fustian,4.912886013980042,81825.0
fusty,4.429865278734561,26907.0
fut,5.6073134523114625,404868.0
futile,6.234075171511133,1714254.0
futilely,4.867885670560702,73771.0
futility,5.895228009272668,785648.0
futon,4.737200596743288,54601.0
future,7.717571860362236,52188145.0
futures,6.22858384272407,1692715.0
futurism,5.071686899015467,117947.0
futurist,5.229069764877429,169461.0
futuristic,5.243648113955369,175246.0
futurity,5.374356021097812,236786.0
fuzz,5.145721469882925,139869.0
fuzziness,4.770609033211284,58967.0
fuzzy,6.153094710205099,1422639.0
pack,6.761653876009539,5776355.0
philippino,3.5474054596674898,3527.0
phone,7.195860315165764,15698578.0
trot,5.935286031668593,861561.0
