a,9.764822488473373,5818653402.0
a lot,7.3272817559542895,21246224.0
aaradvark,0.0001,1.0
aardvark,4.484100445293939,30486.0
ab,6.726525496365888,5327525.0
aba,5.837367447326565,687650.0
aba dose,0.0001,1.0
aback,5.688771209155882,488395.0
abacus,5.202169426773096,159283.0
abalone,5.06553116663014,116287.0
abandon,6.6184113916426845,4153473.0
abandoned,6.94343164252985,8778729.0
abandoning,6.096877005373126,1249905.0
abandonment,6.309764054251327,2040629.0
abandons,5.585432527652463,384975.0
abase,4.782343606643358,60582.0
abashed,5.405617816110133,254459.0
abate,5.709606578357466,512397.0
abated,5.734652640404979,542816.0
abatement,5.824229349049228,667159.0
abattoir,4.631443769013172,42800.0
abb,5.442628689289988,277095.0
abbas,5.533250795605823,341390.0
abbess,5.488021626710859,307625.0
abbey,6.405601943169929,2544497.0
abbot,6.264216711842766,1837455.0
abbreviate,5.034480057351328,108263.0
abbreviated,6.025283740265333,1059946.0
abbreviation,5.9391142214801365,869189.0
abbreviations,6.091762245768575,1235271.0
abc,6.376534437910359,2379767.0
abdication,5.592579764460985,391363.0
abdomen,6.5065350666856245,3210222.0
abdominal,6.652614802977826,4493811.0
abduction,5.836414004095345,686142.0
abductor,5.256501266211318,180510.0
aber,5.638010770344481,434521.0
aberrant,5.610381188325504,407738.0
aberration,5.809538167707865,644968.0
aberrations,5.675785671476904,474008.0
abet,5.083233790058822,121125.0
abeyance,5.417390307262065,261451.0
abhor,5.48683553695401,306786.0
abhorred,5.521352561744037,332164.0
abhorrence,5.624537851942242,421248.0
abhorrent,5.367661497166479,233164.0
abide,6.2596337709913055,1818167.0
abides,5.4300831218678525,269205.0
abiding,6.119008310469197,1315250.0
abigail,6.212554867531755,1631379.0
abilities,6.722354420045001,5276603.0
ability,7.47718396231547,30004332.0
abiotic,4.985965078304871,96820.0
abject,5.823496399794156,666034.0
ablation,5.644815602164173,441383.0
ablative,5.562183384652043,364908.0
ablaze,5.4648738933606,291658.0
able,7.8108829480294215,64696822.0
ablest,5.777012631371784,598429.0
ably,5.811994353264205,648626.0
abnormal,6.7265880984416135,5328293.0
abnormalities,6.414233080515579,2595572.0
abnormality,5.998281575824832,996051.0
abnormally,5.860479353908439,725236.0
aboard,6.53301029533794,3412010.0
abode,6.24639516503584,1763580.0
abolish,6.069058028666193,1172352.0
abolished,6.3882394287961235,2444778.0
abolishing,5.722292439433398,527585.0
abolition,6.382788356224527,2414284.0
abolitionist,5.812543046283592,649446.0
abolitionists,5.8882862284748505,773190.0
abominable,5.8230743115862795,665387.0
abomination,5.603849933845923,401652.0
aboriginal,6.053037702444136,1129894.0
aborigine,4.8253092515119524,66882.0
aborigines,5.782240365021943,605676.0
aborigining,0.0001,1.0
abort,5.542525423736575,348759.0
aborted,5.5555478620337055,359375.0
abortion,6.595632771641538,3941239.0
abortions,5.850037551540539,708007.0
abortive,5.795004988486139,623742.0
abound,6.13610736713392,1368067.0
abounded,5.657617967239,454588.0
abounding,5.657184974090156,454135.0
abounds,5.7877189905239685,613365.0
about,8.625410735500303,422095513.0
above,7.964189703627607,92085172.0
abracadabra,4.502604625473667,31813.0
abrasion,5.669143872291012,466814.0
abrasions,5.186478857430766,153631.0
abrasive,5.716167008404632,520196.0
abreast,5.883043900759746,763913.0
abridged,5.80804276099618,642751.0
abroad,6.956788874449897,9052924.0
abrogated,5.486487153065907,306540.0
abrupt,6.286035894259746,1932128.0
abruptly,6.519788892391489,3309702.0
abs,5.852892133789143,712676.0
abscess,6.209312028271588,1619243.0
abscesses,5.7815823402356585,604759.0
abscissa,5.496432829872982,313641.0
abscond,4.5652455257225055,36749.0
absence,7.261462955109997,18258410.0
absences,5.602319404788844,400239.0
absent,6.887635020539219,7720315.0
absentee,5.594420176372186,393025.0
absenteeism,5.546176072831838,351703.0
absently,5.594532872231008,393127.0
absolute,7.210208688037072,16225896.0
absolutely,7.049870370153306,11216836.0
absolution,5.650672682158601,447376.0
absolutism,5.671774326672597,469650.0
absolve,5.420351882127958,263240.0
absorb,6.40203256509316,2523670.0
absorbed,6.804320339322488,6372654.0
absorbent,5.560982055586235,363900.0
absorber,5.558060244257268,361460.0
absorbing,6.238034555260721,1729954.0
absorbs,5.896755429206089,788416.0
absorption,6.899745396900007,7938627.0
abstain,5.862436709834026,728512.0
abstergents,0.0001,1.0
abstinence,5.997535347195727,994341.0
abstract,6.969614933915044,9324272.0
abstracted,5.858233927691823,721496.0
abstracting,5.446220184203493,279396.0
abstraction,6.316728754091515,2073618.0
abstractions,5.902764143924086,799400.0
abstracts,6.166914169663519,1468636.0
abstruse,5.436665056165096,273316.0
absurd,6.588259042070195,3874887.0
absurdities,5.60170915686534,399677.0
absurdity,6.099189451876625,1256578.0
absurdly,5.569300155233136,370937.0
abu,6.123783389328589,1329791.0
abundance,6.668263905673528,4658691.0
abundant,6.758898348857135,5739821.0
abundantly,6.161291020459596,1449743.0
abuse,7.0398308815074095,10960513.0
abused,6.355327171881398,2266351.0
abuses,6.314166063922338,2061418.0
abusing,5.703708272659199,505485.0
abusive,6.03953903523866,1095315.0
abyss,6.065932085918651,1163944.0
acacia,5.5911971023092635,390119.0
academic,7.131222165637149,13527644.0
academically,5.591623262507146,390502.0
academics,5.938553746913872,868068.0
academies,5.853183931435088,713155.0
academy,6.9978032642439,9949546.0
acapulcos,0.0001,1.0
accede,5.504665198071742,319643.0
acceded,5.4559938382043685,285755.0
accelerate,6.003569953639717,1008254.0
accelerated,6.39244439122196,2468564.0
accelerating,5.933255399760349,857542.0
acceleration,6.480744616731184,3025134.0
accelerator,5.801376951713111,632961.0
accent,6.463877169036236,2909894.0
accented,5.757367176103305,571962.0
accents,6.030706562265002,1073264.0
accentuate,5.475386406952933,298804.0
accentuated,5.798307355021716,628503.0
accept,7.3110392085118745,20466294.0
acceptability,5.6696357420848145,467343.0
acceptable,6.869887361378684,7411180.0
acceptance,6.989028935508575,9750546.0
accepted,7.346537256185712,22209422.0
accepting,6.637559271102341,4340695.0
acceptor,5.756642953463945,571009.0
accepts,6.406014280669932,2546914.0
access,7.386275661168714,24337483.0
accessed,6.24694987462519,1765834.0
accesses,5.424250962121086,265614.0
accessibility,6.007351698346417,1017072.0
accessible,6.653667512474029,4504717.0
accessing,5.848410212077644,705359.0
accession,6.236563207541726,1724103.0
accessories,6.164899544125364,1461839.0
accessory,6.162651913719596,1454293.0
accident,6.990388320687485,9781114.0
accidental,6.44139251624525,2763074.0
accidentally,6.234427428914309,1715645.0
accidents,6.577569000883007,3780672.0
acclaim,5.712758261678246,516129.0
acclaimed,5.7565744964273335,570919.0
acclimate,4.545257621396889,35096.0
acclimatize,4.311223910432456,20475.0
accolade,4.941978271808186,87494.0
accolades,5.008037779629536,101868.0
accommodate,6.514837451294366,3272182.0
accommodated,5.945589205735818,882245.0
accommodating,5.835980215874681,685457.0
accommodation,6.460066176990369,2884471.0
accommodations,6.271963052663426,1870523.0
accompanied,7.084996143121246,12161752.0
accompanies,6.105428086838012,1274759.0
accompaniment,6.132216450096113,1355865.0
accompaniments,5.476505567989155,299575.0
accompany,6.580633980696912,3807448.0
accompanying,6.6330249458286845,4295611.0
accomplice,5.6717669288541215,469642.0
accomplices,5.540498403762316,347135.0
accomplish,6.775158080264818,5958790.0
accomplished,7.04895135380133,11193125.0
accomplishes,5.671958306864574,469849.0
accomplishing,6.034717471855818,1083222.0
accomplishment,6.389640712637287,2452679.0
accord,6.611899432325247,4091659.0
accordance,6.879363544997267,7574667.0
accorded,6.27906572364126,1901366.0
according,7.767244542188786,58511946.0
accordingly,7.0053000128728975,10122785.0
accordion,5.426560055756167,267030.0
accordion.,0.0001,1.0
accords,5.870660192154725,742438.0
accost,4.8692493259071465,74003.0
accosted,5.450406165155313,282102.0
account,7.726258798469919,53242544.0
accountability,6.279828633897287,1904709.0
accountable,6.123436086895268,1328728.0
accountant,6.1335960654267,1360179.0
accountants,6.02911012655351,1069326.0
accounted,6.611337899788697,4086372.0
accounting,6.975152023568114,9443914.0
accounts,7.227316428068079,16877823.0
accredit,4.6211658918306115,41799.0
accreditation,5.888263760221711,773150.0
accredited,5.98763275325668,971925.0
accretion,5.5467511241426894,352169.0
accrual,5.698555489645322,499523.0
accrue,5.8401029564795115,691995.0
accrued,6.091014498526495,1233146.0
accruing,5.630047319262606,426626.0
acculturation,5.721808142940907,526997.0
accumulate,6.251460330089873,1784269.0
accumulated,6.589281122108788,3884017.0
accumulates,5.7251231459514065,531035.0
accumulating,5.948561617725326,888304.0
accumulation,6.643566959859568,4401158.0
accumulations,5.732409844505917,540020.0
accumulator,5.552394414811602,356775.0
accuracy,6.9132521902119395,8189402.0
accurate,7.03391314667283,10812177.0
accurately,6.73762417740374,5465428.0
accursed,5.78308278758185,606852.0
accusation,6.215444030629815,1642268.0
accusations,6.148824372158282,1408719.0
accusative,5.71730927272835,521566.0
accuse,6.071810232372041,1179805.0
accused,6.831492753079834,6784108.0
accuser,5.5197033294324545,330905.0
accuses,5.588974974373243,388128.0
accusing,5.917190834036999,826401.0
accustom,5.329619546895818,213609.0
accustomed,6.7425578996624775,5527871.0
ace,6.309358222470817,2038723.0
acer,5.358169074270593,228123.0
aces,5.452568381988099,283510.0
acetabulum,5.246705338467835,176484.0
acetaminophen,5.523037233843828,333455.0
acetate,6.373082190973899,2360925.0
acetic,6.245489225149765,1759905.0
acetone,5.977266670060858,949001.0
acetyl,5.777665292605982,599329.0
acetylcholine,5.793782704173867,621989.0
acetylene,5.687709953843691,487203.0
ach,5.807512703946962,641967.0
ache,6.049116029043907,1119737.0
ached,5.817148723002323,656370.0
aches,5.668952180505893,466608.0
achievable,5.548303410709743,353430.0
achieve,7.091919583713038,12357186.0
achieved,7.09096888828349,12330165.0
achievement,6.942332982246761,8756549.0
achievements,6.537457032124498,3447125.0
achieves,5.962187907608449,916617.0
achieving,6.568240221979562,3700328.0
achilles,6.163156005918642,1455982.0
aching,6.024880376078769,1058962.0
achou,2.847572659142112,704.0
acid,7.565097221733214,36736453.0
acidic,5.995658444083848,990053.0
acidity,5.960563524940017,913195.0
acidosis,5.9110249021770285,814751.0
acids,6.947993874868356,8871435.0
acknowledge,6.734420155882816,5425255.0
acknowledged,6.77277520489379,5926185.0
acknowledges,6.117966935491767,1312100.0
acknowledging,6.148562554742747,1407870.0
acknowledgment,6.322477519763608,2101249.0
acme,5.624785214529042,421488.0
acne,5.725441981212121,531425.0
acorn,5.62229693523877,419080.0
acoustic,6.232603798350895,1708456.0
acoustical,5.609248543255046,406676.0
acoustics,5.586685178668041,386087.0
acquaint,5.792974093986685,620832.0
acquaintance,6.680354643710482,4790211.0
acquainted,6.687119621942607,4865412.0
acquiesce,5.622219205447091,419005.0
acquiesced,5.67162542131935,469489.0
acquiescence,5.8856636505745294,768535.0
acquire,6.77274288545168,5925744.0
acquire.,0.0001,1.0
acquired,7.117750710859388,13114469.0
acquires,6.107002272942257,1279388.0
acquiring,6.434430450600904,2719133.0
acquisition,6.818416664071201,6582891.0
acquisitions,6.143864747770738,1392723.0
acquit,5.463758650329816,290910.0
acquittal,5.649942056817621,446624.0
acquitted,5.9184921846479615,828881.0
acre,6.677391759417513,4757642.0
acreage,6.007516917717883,1017459.0
acres,6.977228044090692,9489166.0
acrid,5.605556066918231,403233.0
acrobat,5.419043267550822,262448.0
acronym,5.580695799231733,380799.0
acropolis,5.617989489165021,414944.0
across,7.7078199428078,51029339.0
acrylic,5.852521469219191,712068.0
act,7.9064852569283595,80627883.0
acta,6.456601035220921,2861548.0
acted,6.90015921845718,7946195.0
actin,5.77691682519419,598297.0
acting,7.1386349090026595,13760522.0
action,7.879607809928771,75789285.0
actionable,5.4369605064858595,273502.0
actions,7.341234010337869,21939868.0
activate,6.063866046966553,1158420.0
activated,6.480109608390913,3020714.0
activates,5.698223244765807,499141.0
activating,5.814597155326882,652525.0
activation,6.612396208346771,4096342.0
activator,5.580880518059524,380961.0
active,7.476277223393136,29941753.0
actively,6.630323408027631,4268973.0
activism,6.039787570803028,1095942.0
activist,6.058376670007052,1143870.0
activists,6.269816144017184,1861299.0
activities,7.566938768720162,36892558.0
activity,7.625235660497106,42192539.0
acton,5.570855706052633,372268.0
actor,6.760933383592536,5766780.0
actors,6.781156568834728,6041664.0
actress,6.298595041941827,1988818.0
actresses,5.683477515200162,482478.0
acts,7.38679785703622,24366764.0
actual,7.451638166942199,28290340.0
actuality,6.003808948102002,1008809.0
actualization,5.558362916965474,361712.0
actualize,5.027818311247215,106615.0
actually,7.5602223249033,36326397.0
actuarial,5.580946632865683,381019.0
actuary,5.0252771844934765,105993.0
actuated,5.802984324143667,635308.0
acuity,5.822949629027412,665196.0
acumen,5.565615267256959,367803.0
acuminate,5.636896923420784,433408.0
acupuncture,5.673327847602155,471333.0
acute,7.109530390526307,12868573.0
acutely,6.01163598455677,1027155.0
acuteness,5.462704890712685,290205.0
acyl,5.513204277946988,325990.0
adage,5.546743724885261,352163.0
adam,6.93489393359226,8607835.0
adamant,5.71466080404525,518395.0
adams,6.988391226182074,9736239.0
adapt,6.425158778270934,2661698.0
adaptability,5.798319101833338,628520.0
adaptable,5.777797880481781,599512.0
adaptation,6.660292932009412,4573966.0
adaptations,6.098170415758931,1253633.0
adapted,6.884531649594758,7665344.0
adapter,5.836134782824227,685701.0
adapting,6.028633871165109,1068154.0
adaptive,6.404299239854027,2536876.0
add,7.501089702865058,31702222.0
added,7.603446995323286,40127952.0
addenda,5.220249341584536,166054.0
addendum,5.439880349055749,275347.0
adder,5.544798285647551,350589.0
addict,5.768941335628817,587410.0
addicted,5.945482372039391,882028.0
addiction,6.253549526956132,1792873.0
addicts,5.844744877087581,699431.0
adding,7.023479962110869,10555528.0
addition,7.617246770027091,41423498.0
additional,7.4546447641668125,28486872.0
additionally,6.32466656396363,2111867.0
additions,6.458807606104048,2876124.0
additive,6.121762664537619,1323618.0
additives,5.844428710996398,698922.0
address,7.418616819249011,26219042.0
addressed,7.020481857219698,10482910.0
addressee,5.411868764702519,258148.0
addresses,6.749556842229225,5617678.0
addressing,6.577943208439991,3783931.0
adds,6.807994041681066,6426789.0
adductor,5.4245958225490805,265825.0
adenine,5.534441154143939,342327.0
adenocarcinoma,5.609197280418135,406628.0
adenoma,5.565970536730799,368104.0
adenosine,5.78249913968658,606037.0
adept,5.9188818306501,829625.0
adequacy,6.090303561503951,1231129.0
adequate,7.11927714146663,13160644.0
adequately,6.562735143607079,3653719.0
adhere,6.230224051910522,1699120.0
adhered,6.058521680188876,1144252.0
adherence,6.264012688244388,1836592.0
adherent,5.828345337976384,673512.0
adherents,6.140663883426688,1382496.0
adheres,5.621502399653549,418314.0
adhering,5.897732628517482,790192.0
adhesion,6.141309898647635,1384554.0
adhesive,6.120171034950939,1318776.0
adhesives,5.5882291158757385,387462.0
adiabatic,5.710887913634139,513911.0
adieu,5.880774732614978,759932.0
adipose,5.6598515737632455,456932.0
adjacent,6.829089596763759,6746672.0
adjective,6.344596599486058,2211040.0
adjectives,6.233916042873207,1713626.0
adjoin,4.909796643014275,81245.0
adjoining,6.439293526598146,2749752.0
adjoint,5.487357589343797,307155.0
adjourn,5.547188689306862,352524.0
adjourned,5.9190163449157716,829882.0
adjournment,5.681659948686063,480463.0
adjudged,5.68684085776602,486229.0
adjudication,5.854052680080788,714583.0
adjunct,5.939394437419627,869750.0
adjuncts,5.411229001900175,257768.0
adjure,4.7038843655610405,50569.0
adjust,6.642097539737207,4386292.0
adjustable,5.976051786461665,946350.0
adjusted,6.773043048550032,5929841.0
adjusting,6.355587898213441,2267712.0
adjustment,6.9193497292451,8305193.0
adjustments,6.528012736002138,3372972.0
adjusts,5.60907123354977,406510.0
adjutant,5.988805908361056,974554.0
adjuvant,5.603991557194752,401783.0
admin,5.750280774160145,562705.0
administer,6.4062076049579675,2548048.0
administered,6.780136858788469,6027495.0
administering,6.170385823718055,1480423.0
administers,5.519666579428676,330877.0
administration,7.496317871827041,31355799.0
administrative,7.072390827390977,11813833.0
administrator,6.648325851644611,4449650.0
administrators,6.596785725372875,3951716.0
admirable,6.48872073488706,3081206.0
admirably,6.1000809189101615,1259160.0
admiral,6.707521804920801,5099432.0
admirals,5.4810052472190645,302695.0
admiralty,6.177002032263892,1503149.0
admiration,6.691141457770798,4910678.0
admire,6.4185248457020325,2621349.0
admired,6.559536180196891,3626905.0
admirer,5.879858809980699,758331.0
admirers,5.9916986676619866,981067.0
admires,5.565910362016404,368053.0
admiring,6.06578243774535,1163543.0
admissibility,5.60133193815588,399330.0
admissible,6.107088825307783,1279643.0
admission,6.859572014723392,7237224.0
admissions,6.2941888063779095,1968742.0
admit,7.011342537784186,10264612.0
admits,6.386575651439868,2435430.0
admittance,5.808284587366918,643109.0
admitted,7.1084757541897705,12837361.0
admittedly,6.081480168626894,1206369.0
admitting,6.285569910115627,1930056.0
admixture,5.709981044671356,512839.0
admonish,5.36708370270683,232854.0
admonished,5.749427099121749,561600.0
admonition,5.878962185721463,756767.0
admonitions,5.548015776480376,353196.0
ado,5.844757916325488,699452.0
adobe,6.0547750230856625,1134423.0
adolescence,6.389906058641308,2454178.0
adolescent,6.5986003382295975,3968262.0
adolescents,6.518113151242421,3296956.0
adopt,6.782812616726359,6064746.0
adopted,7.238196774664079,17306003.0
adopting,6.341325096283522,2194447.0
adoption,6.787345686583177,6128380.0
adoptive,5.765053551849674,582175.0
adopts,5.946852967316052,884816.0
adorable,5.589835709691052,388898.0
adoration,5.988605772548863,974105.0
adore,5.924732473648112,840877.0
adored,5.9643152691395604,921118.0
adoricious,0.0001,1.0
adorn,5.857783445940344,720748.0
adorned,6.2230432393007105,1671257.0
adornment,5.55068320646158,355372.0
adote,0.0001,1.0
adrenal,6.255830938155083,1802316.0
adrenaline,5.710988466182538,514030.0
adrenergic,5.884825372830747,767053.0
adrift,5.632542320542313,429084.0
adroit,5.450152074244726,281937.0
ads,6.302044840951454,2004679.0
adsorbed,5.835843973980035,685242.0
adsorption,6.153119131426303,1422719.0
adulation,5.4611772641760234,289186.0
adult,7.205269990524624,16042424.0
adultery,6.1334498049946315,1359721.0
adulthood,6.181163327449017,1517621.0
adults,7.074974593008922,11884327.0
advance,7.223105419581676,16714963.0
advanced,7.253604728536131,17931009.0
advancement,6.538428064905127,3454841.0
advances,6.754078423468744,5676471.0
advancing,6.53864146137446,3456539.0
advantage,7.341151082159665,21935679.0
advantageous,6.310405669563822,2043646.0
advantageously,5.571175241755456,372542.0
advantages,7.034011906498017,10814636.0
advent,6.395671943484306,2486978.0
adventure,6.695363192499859,4958647.0
adventurer,5.775781511048539,596735.0
adventurers,5.95206995493178,895509.0
adventures,6.5444984030083475,3503470.0
adventurous,5.985642893718449,967482.0
adverb,5.870283316216331,741794.0
adverbial,5.506525326065393,321015.0
adverbs,5.840188928856635,692132.0
adversarial,5.458394575992975,287339.0
adversaries,6.052578909818548,1128701.0
adversary,6.237975053769179,1729717.0
adverse,6.7123279857494165,5156179.0
adversely,6.014983567286629,1035103.0
adversity,5.953689638586549,898855.0
advertise,5.91956025776788,830922.0
advertised,6.188226298913173,1542504.0
advertisement,6.323964130480553,2108454.0
advertisements,6.277633506614171,1895106.0
advertiser,6.0106870017590746,1024913.0
advertisers,5.945445934262044,881954.0
advertising,7.011181307224349,10260802.0
advice,7.144853342775253,13958969.0
advisability,5.4540212057026,284460.0
advisable,6.360091242498313,2291349.0
advise,6.500985001102759,3169458.0
advised,6.730243674984016,5373332.0
adviser,6.25651377686878,1805152.0
advisers,6.239085658494934,1734146.0
advises,5.879425061229783,757574.0
advising,6.004078789126172,1009436.0
advisor,6.0831308738273515,1210963.0
advisors,5.934786202237414,860570.0
advisory,6.520566977388968,3315637.0
advocacy,6.24485974850406,1757356.0
advocate,6.619233722854982,4161345.0
advocated,6.428456668429097,2681987.0
advocates,6.517441224829,3291859.0
advocating,5.968773781755865,930623.0
aegis,5.498273326952836,314973.0
aerate,4.467134340505598,29318.0
aeration,5.592802756368993,391564.0
aerial,6.268791322792028,1856912.0
aero,5.455186066162408,285224.0
aerobic,5.988648125235751,974200.0
aerodynamic,5.563571257400441,366076.0
aeronautical,5.550134143752852,354923.0
aeronautics,5.810947909298402,647065.0
aeroplane,5.571334921487216,372679.0
aerosol,5.743920347314765,554524.0
aerospace,5.850813427811036,709273.0
aes,5.429243421553872,268685.0
aesthetic,6.6732777195964275,4712786.0
aesthetically,5.512341466997098,325343.0
aesthetics,6.12067854409408,1320318.0
afar,6.083085324713447,1210836.0
affable,5.5437788320323955,349767.0
affair,6.8750169630951925,7499235.0
affairs,7.345023114400281,22132125.0
affect,7.186223148537308,15354057.0
affectation,5.735602891357059,544005.0
affected,7.235219407154003,17187765.0
affecting,6.773304725196861,5933415.0
affection,6.886587556406106,7701717.0
affectionate,6.344850890099055,2212335.0
affectionately,5.944270408209619,879570.0
affections,6.4877215227949945,3074125.0
affective,6.2876647040771125,1939388.0
affects,6.704107771919711,5059502.0
afferent,5.886832949716647,770607.0
affidavit,6.053097659628283,1130050.0
affidavits,5.647315473159763,443931.0
affiliate,5.847996259747103,704687.0
affiliated,6.215987659771557,1644325.0
affiliates,5.830784281666297,677305.0
affiliation,6.200084611598322,1585202.0
affiliations,5.800529439028964,631727.0
affine,5.458962504390887,287715.0
affinities,5.868305803535435,738424.0
affinity,6.431559956603262,2701220.0
affirm,6.2806391400295585,1908267.0
affirmation,6.188659109549041,1544042.0
affirmations,5.524965719348356,334939.0
affirmative,6.450972791184874,2824703.0
affirmatively,5.472485844897481,296815.0
affirmed,6.433279596378595,2711937.0
affirming,5.985611470174062,967412.0
affirms,5.965311789897973,923234.0
affix,5.43812446567996,274236.0
affixed,5.847483817093476,703856.0
afflict,5.485539722809915,305872.0
afflicted,6.259383369438501,1817119.0
affliction,6.091527327937961,1234603.0
afflictions,5.746612405836147,557972.0
affluence,5.749237595268514,561355.0
affluent,6.0059128738815035,1013708.0
afford,6.94997381334754,8911972.0
affordable,5.935710258604699,862403.0
afforded,6.567229107282213,3691723.0
affording,5.939783243380049,870529.0
affords,6.338019588819162,2177808.0
affront,5.699787445352049,500942.0
afghan,5.792768381620402,620538.0
afield,5.593092142265324,391825.0
afloat,5.854241652111822,714894.0
afoot,5.611043195143434,408360.0
afore,5.739845176030669,549345.0
aforementioned,5.828940743977406,674436.0
aforesaid,6.326502991170481,2120816.0
afraid,7.179800347870515,15128656.0
afresh,5.771097796921272,590334.0
africa,7.277775864319018,18957273.0
afro,6.066013792207767,1164163.0
aft,6.097320140720721,1251181.0
after,8.481693549545625,303175114.0
after.,2.8567288903828825,719.0
afterlife,5.569159636035981,370817.0
aftermath,6.116367952559651,1307278.0
afternoon,7.185234697004665,15319151.0
afternoons,5.921771765664999,835164.0
afterthought,5.52382837690819,334063.0
afterward,6.780240241438712,6028930.0
afterwards,7.092807775482178,12382484.0
again,8.12659359553355,133842363.0
against,8.170627709529757,148124777.0
agape,5.450238327826081,281993.0
agar,6.082820184263798,1210097.0
agate,5.497218620533229,314209.0
age,7.886736302838096,77043553.0
aged,6.944903487096628,8808531.0
ageing,5.527053466167876,336553.0
agencies,7.107357909934595,12804361.0
agency,7.267854840819753,18529122.0
agenda,6.551415716634109,3559719.0
agent,7.289064204998504,19456477.0
agents,7.19344900093334,15611657.0
ages,7.165690324970041,14645032.0
agglutination,5.535020542323858,342784.0
aggrandizement,5.4709599947020795,295774.0
aggravate,5.641318410831009,437843.0
aggravated,6.074104828693225,1186055.0
aggravating,5.519271320360907,330576.0
aggravation,5.51616901066923,328223.0
aggregate,6.689344560392714,4890402.0
aggregates,6.016432428125948,1038562.0
aggregation,6.128913073680198,1345591.0
aggression,6.6146382487294915,4117544.0
aggressive,6.744170580907771,5548436.0
aggressively,5.89393644309419,783315.0
aggressiveness,5.741816324985826,551844.0
aggressor,5.656222816103602,453130.0
aggrevate,2.929929560084588,851.0
aggrieve,3.7993405494535817,6300.0
aggrieved,5.719723135517501,524473.0
aghast,5.628355207051865,424967.0
agible,0.0001,1.0
agile,5.680321913165647,478985.0
agility,5.722272682797695,527561.0
agin,5.482128644341557,303479.0
aging,6.6796692354927485,4782657.0
agitate,5.489590086478047,308738.0
agitated,6.252512255165089,1788596.0
agitating,5.420013540487967,263035.0
agitation,6.488295422969429,3078190.0
agitator,5.440291819568789,275608.0
agitators,5.563584307060971,366087.0
aglow,5.304447440866175,201580.0
agnostic,5.419711285846205,262852.0
ago,7.477718939142523,30041315.0
agonies,5.624764606360549,421468.0
agonist,5.667310032481907,464847.0
agonized,5.482276017775414,303582.0
agonizing,5.734808627362168,543011.0
agony,6.422900923549725,2647896.0
agrarian,6.2137936521977215,1636039.0
agree,7.17595877903447,14995425.0
agreeable,6.544794693238187,3505861.0
agreeably,5.776028887310824,597075.0
agreed,7.294266845848256,19690958.0
agreeing,6.147138145799492,1403260.0
agreement,7.404995367186253,25409456.0
agreements,6.764300124076952,5811659.0
agrees,6.481323503679504,3029169.0
agricultural,7.144208436820868,13938256.0
agriculture,7.0735401247708465,11845138.0
aground,5.432576485435342,270755.0
agua,5.4949695230788755,312586.0
ague,5.41074856056201,257483.0
ah,7.0372984219504335,10896786.0
aha,5.714788126039579,518547.0
ahead,7.171565778844499,14844507.0
aid,7.398006884872915,25003850.0
aide,6.193479127435004,1561274.0
aided,6.517541348047055,3292618.0
aides,6.006413838198687,1014878.0
aiding,5.998693415903017,996996.0
aids,6.881434303893196,7610870.0
ail,5.914334164326954,820983.0
ailing,5.688349510442358,487921.0
ailment,5.582291819019135,382201.0
ailments,5.824368632363414,667373.0
aim,6.973382164808946,9405506.0
aim.,2.9079485216122722,809.0
aimed,6.708886136349093,5115477.0
aiming,6.071370121577045,1178610.0
aimless,5.511414069475367,324649.0
aimlessly,5.5305966591759805,339310.0
aims,6.66651564059986,4639975.0
ain,5.793736618219503,621923.0
ain’t,0.0001,1.0
air,7.869303566049177,74012243.0
airborne,6.039196322408307,1094451.0
aircraft,6.892318262425666,7804018.0
aire,5.416172681703349,260719.0
aired,5.665690723275655,463117.0
airfield,5.625027287286369,421723.0
airflow,5.50571012824157,320413.0
airing,5.431366981143235,270002.0
airline,6.167882731131355,1471915.0
airlines,6.233595074346707,1712360.0
airmen,5.403324746049015,253119.0
airplane,6.41993279467672,2629861.0
airplanes,6.034995226410531,1083915.0
airport,6.64802562192132,4446575.0
airports,5.88531484757211,767918.0
airs,5.985527513268069,967225.0
airwave,3.571941635074462,3732.0
airwaves,5.162313434870306,145316.0
airway,6.194592313636276,1565281.0
airways,5.918243760004767,828407.0
airy,6.0189533475038,1044608.0
aisle,6.149457139354384,1410773.0
aisles,5.8161836112445435,654913.0
ait,5.6988066789037175,499812.0
ajar,5.529621535324041,338549.0
aka,5.553546864252856,357723.0
akbar,5.440606859031516,275808.0
akin,6.234002709329797,1713968.0
al fresco,4.479661671057235,30176.0
ala,5.99063627572649,978670.0
alabaster,5.521193021097346,332042.0
alack,5.074165242085121,118622.0
alacrity,5.609695768344164,407095.0
alameda,5.538768469205667,345755.0
alamo,5.599405959116751,397563.0
alan,6.631503023843877,4280584.0
alanine,5.540166740320993,346870.0
alaphabet,0.0001,1.0
alarm,6.7119131333837245,5151256.0
alarmed,6.376754288173887,2380972.0
alarming,6.13620354419084,1368370.0
alarms,5.865151371179635,733080.0
alas,6.555628701259726,3594419.0
alba,5.872368413130852,745364.0
alban,5.55856098131072,361877.0
albas,3.961942883141387,9161.0
albatross,5.400415368073947,251429.0
albeit,6.293929750695368,1967568.0
albino,5.426997334007962,267299.0
album,6.378356286637983,2389771.0
albumen,5.661534420859799,458706.0
albumin,6.080267071375622,1203004.0
albums,5.825862789323827,669673.0
alcalde,5.442084491006579,276748.0
alchemy,5.728007832214906,534574.0
alcohol,7.125625258431762,13354427.0
alcoholic,6.429142871675777,2686228.0
alcoholics,5.964532098682605,921578.0
alcoholism,6.2319232726716285,1705781.0
alcohols,5.9169700573808415,825981.0
alcove,5.548993447350324,353992.0
aldehyde,5.703017815452769,504682.0
alder,5.6767612628639315,475074.0
alderman,5.810797539851289,646841.0
aldermen,5.742734555314172,553012.0
aldine,5.456680251450998,286207.0
ale,6.151092389364933,1416095.0
alec,5.874449345870082,748944.0
alert,6.616844848452028,4138518.0
alerted,5.708184566045893,510722.0
alertness,5.707333378482586,509722.0
alerts,5.5111517941440935,324453.0
alexis,5.9093366872381266,811590.0
alf,5.523218230843624,333594.0
alfalfa,5.9337807676854615,858580.0
alfonso,5.904392002499751,802402.0
alfred,6.786911911135136,6122262.0
algae,6.097808246772325,1252588.0
algal,5.459499540217595,288071.0
algebra,6.424042442085776,2654865.0
algebraic,6.238488958046434,1731765.0
algorithm,6.6564977033510635,4534169.0
ali,6.371180209885692,2350608.0
alia,5.917224466342165,826465.0
alias,5.954314403352497,900149.0
alibi,5.594823315928977,393390.0
alice,6.82551796555734,6691415.0
alien,6.677410015745072,4757842.0
alienate,5.631138234837149,427699.0
alienated,6.076374980595358,1192271.0
alienating,5.489011557284339,308327.0
alienation,6.284270522955941,1924290.0
aliens,6.240620376898572,1740285.0
alieve,0.0001,1.0
alight,5.700239760561746,501464.0
align,5.956922026642047,905570.0
aligned,6.165452369541865,1463701.0
alignment,6.355417610499549,2266823.0
alignments,5.433760236150705,271494.0
alike,6.886050228773285,7692194.0
alimentary,5.728615903122827,535323.0
alimony,5.664159471542245,461487.0
aliphatic,5.5999365371986745,398049.0
aliquot,5.4642271626673296,291224.0
alison,5.896893118459261,788666.0
alive,7.0953648968927565,12455607.0
alive.,2.1172712956557644,131.0
alkali,6.268334314883388,1854959.0
alkaline,6.385768701526361,2430909.0
alkalinity,5.496338660977246,313573.0
alkaloid,5.54144693869481,347894.0
alkaloids,5.781100927630153,604089.0
alkalosis,5.44903539350911,281213.0
alkyl,5.879505311621312,757714.0
all,8.904983810425902,803496169.0
allan,6.320768813341372,2092998.0
allay,5.670534358899302,468311.0
allegation,5.8443168486215,698742.0
allegations,6.110167330333766,1288746.0
allege,5.730553766976438,537717.0
alleged,6.773140738130975,5931175.0
allegedly,6.144184880392236,1393750.0
alleges,5.559591856865989,362737.0
allegiance,6.420420673518449,2632817.0
alleging,5.829924852178719,675966.0
allegorical,5.934903771892452,860803.0
allegory,6.061910282671132,1153215.0
allegro,5.735408055601278,543761.0
allele,5.773496818773792,593604.0
allenwrench,0.0001,1.0
aller,5.422591481172954,264601.0
allergenic,4.8245553581121055,66766.0
allergic,6.191639056237631,1554673.0
allergies,5.755855807251168,569975.0
allergy,6.0811095691482695,1205340.0
alleviate,6.0229930404405545,1054370.0
alleviated,5.483574460489086,304491.0
alleviating,5.411907456957076,258171.0
alleviation,5.464936429121733,291700.0
alley,6.342354767648049,2199656.0
alleys,5.835400099378205,684542.0
alleyway,5.083312664040364,121147.0
alliance,6.880948888221722,7602368.0
alliances,6.233921618428941,1713648.0
allied,6.76673658814154,5844355.0
allies,6.808021611673545,6427197.0
alligator,5.714162884828213,517801.0
alliteration,5.3536796980767845,225777.0
allocate,5.957827012246992,907459.0
allocated,6.34139970048093,2194824.0
allocating,5.72935920638567,536240.0
allocation,6.573117361907986,3742117.0
allocations,5.834338033613638,682870.0
allopathic,4.878291949249796,75560.0
allot,5.20476009504981,160236.0
allotment,5.785523444470026,610272.0
allotments,5.516150485908866,328209.0
allotted,6.1466776906425755,1401773.0
allow,7.423783721752725,26532839.0
allowable,6.191170896430733,1552998.0
allowance,6.570298405285969,3717906.0
allowances,6.193450475316775,1561171.0
allowed,7.461185103410064,28919122.0
allowing,6.927034142384964,8453453.0
allows,7.107743010305135,12815720.0
alloy,6.3677706326209425,2332226.0
alloys,6.350061464302688,2239038.0
allspice,5.141252179342382,138437.0
allude,5.807232540144695,641553.0
alluded,6.21484782023516,1640015.0
alludes,5.8183011296057625,658114.0
alluding,5.722264450600887,527551.0
allure,5.554949256238893,358880.0
alluring,5.694560451136264,494949.0
allusion,6.289731390256957,1948639.0
allusions,6.068687794175336,1171353.0
alluvial,5.777025694213173,598447.0
ally,6.411028798316112,2576492.0
alma,6.13924543560029,1377988.0
almanac,5.919776065100581,831335.0
almighty,6.392845678046992,2470846.0
almond,5.9820291368785705,959465.0
almonds,5.804658638955294,637762.0
almost,7.924674908358653,84076555.0
alms,5.904987502606536,803503.0
aloe,5.322996193361538,210376.0
aloft,6.034832523070792,1083509.0
aloha,5.235452691263219,171970.0
alone,7.693561014977544,49381129.0
along,7.871906157878283,74457107.0
alongside,6.5207542437342605,3317067.0
aloof,6.008924494157758,1020762.0
aloud,6.597969056023491,3962498.0
alp,5.292176295655684,195964.0
alpaca,4.95691723080208,90556.0
alpha,6.655047627025193,4519055.0
alphabet,6.298631071189924,1988983.0
alphabetic,5.532430766375754,340746.0
alphabetical,5.936707724231582,864386.0
alphabetically,5.669164339229594,466836.0
alpine,6.11583741701428,1305682.0
alps,6.146424495558952,1400956.0
already,7.842792465737674,69629370.0
alright,5.71223035456091,515502.0
als,6.189273533463969,1546228.0
also,8.554316092184532,358357165.0
alt,6.171406976191737,1483908.0
altar,6.714255386735422,5179113.0
alter,6.773092701622797,5930519.0
alteration,6.4638355269799925,2909615.0
alterations,6.431722793335744,2702233.0
altercate,3.212453961040276,1631.0
altercation,5.361916618668643,230100.0
altered,6.832657952324101,6802334.0
altering,6.204870391992855,1602767.0
alternate,6.6250046308796176,4217010.0
alternated,5.502519978058984,318068.0
alternately,6.205038358086895,1603387.0
alternates,5.449833095266729,281730.0
alternating,6.368944245644442,2338537.0
alternation,5.8139157532606225,651502.0
alternative,7.21376978715131,16359491.0
alternatively,6.320238122410525,2090442.0
alternatives,6.723704929857443,5293037.0
alters,5.897106725769018,789054.0
although,7.974407048780964,94277281.0
altitude,6.512771086401397,3256650.0
alto,6.139067330493129,1377423.0
altocumulus,4.101781431327967,12641.0
altogether,6.998159648550655,9957714.0
altruism,5.765787727286867,583160.0
altruistic,5.67924160065921,477795.0
alum,5.851910523879392,711067.0
alumina,5.913500199718289,819408.0
aluminium,5.888635460321092,773812.0
aluminum,6.669294932795751,4669764.0
alumnae,5.567249929072087,369190.0
alumni,6.145596630586422,1398288.0
alveolar,6.141520320925411,1385225.0
alveoli,5.623515989387621,420258.0
always,8.051777876834441,112662109.0
alzheimer’s,0.0001,1.0
am,8.00886619357038,102062498.0
ama,5.767796071137346,585863.0
amalgam,5.741715578866117,551716.0
amalgamated,5.661377226639747,458540.0
amalgamation,5.653453721491571,450250.0
amarilla,4.540529679695608,34716.0
amateur,6.347256618227406,2224624.0
amateurs,5.792631885977921,620343.0
amazed,6.353839131519686,2258599.0
amazement,6.22697475731744,1686455.0
amazing,6.56398687435062,3664265.0
amazingly,5.850811590879133,709270.0
amazon,6.071124275693533,1177943.0
amazons,5.406011893412467,254690.0
ambassador,6.666433640614241,4639099.0
ambassadors,6.1245945304383325,1332277.0
amber,6.214245221499748,1637741.0
ambiance,5.140526897671522,138206.0
ambience,5.480096093600537,302062.0
ambient,6.0823425950160015,1208767.0
ambiguities,5.763321653275181,579858.0
ambiguity,6.343487173315032,2205399.0
ambiguous,6.399550163563768,2509286.0
ambition,6.685545321450418,4847807.0
ambitions,6.270363887581438,1863648.0
ambitious,6.56238066635506,3650738.0
ambivalence,5.995833433291776,990452.0
ambivalent,5.896189894868235,787390.0
amble,4.91688013758267,82581.0
ambling,4.939059755688491,86908.0
ambrose,6.075554625345177,1190021.0
ambrosia,5.223197309529674,167185.0
ambulance,6.105564340469844,1275159.0
ambulatory,5.783504101827921,607441.0
ambush,5.908150322341069,809376.0
amd,5.421184235156963,263745.0
ame,5.598556340321835,396786.0
ameba,4.737526586959487,54642.0
amelia,6.150137551479269,1412985.0
ameliorate,5.474825015398846,298418.0
amelioration,5.520395747910691,331433.0
amen,6.286849267935569,1935750.0
amenable,5.963764695827794,919951.0
amend,6.1312486829146975,1352847.0
amended,6.581778590671789,3817496.0
amending,5.753413750620807,566779.0
amendment,7.011880766565812,10277341.0
amendments,6.524481155000189,3345655.0
amends,5.7774630725025915,599050.0
amenities,6.0020255955539135,1004675.0
amenity,5.14865508776434,140817.0
amenorrhea,5.411845211207537,258134.0
america,7.761143921071086,57695763.0
american,8.145126465703475,139677504.0
amethyst,5.388614446071529,244689.0
ami,6.21841024019536,1653523.0
amiable,6.195202285295312,1567481.0
amicable,5.589423440305356,388529.0
amid,6.654328855269872,4511582.0
amide,5.57678578497697,377386.0
amidst,6.319955902882675,2089084.0
amin,5.567207578619288,369154.0
amine,5.834755038935692,683526.0
amines,5.841288751042448,693887.0
amino,6.7411338641415135,5509775.0
amir,5.555319400820329,359186.0
amiss,5.8222524446493145,664129.0
amity,5.619604578379167,416490.0
ammonia,6.518837171544915,3302457.0
ammonium,6.348194230453222,2229432.0
ammos,3.5169318088680126,3288.0
ammunition,6.4009693067154005,2517499.0
amnesia,5.739349998381416,548719.0
amnesty,5.881721232942947,761590.0
amniotic,5.644973004070709,441543.0
among,8.066052908782096,116426786.0
amongst,6.722277869001564,5275673.0
amor,5.766028207230155,583483.0
amoral,5.23363311618323,171251.0
amoray,2.459392487759231,288.0
amore,5.453358097581155,284026.0
amorous,5.774856969120337,595466.0
amorphous,6.053325498289857,1130643.0
amortization,5.824326982222237,667309.0
amount,7.72832990734498,53497059.0
amounted,6.42554563199013,2664070.0
amounting,6.116032620419833,1306269.0
amounts,7.0926233209453375,12377226.0
amour,5.767733056901712,585778.0
amp,6.076532311633964,1192703.0
ampere,5.778515904615098,600504.0
amphetamine,5.534803837675469,342613.0
amphibious,5.648832110535646,445484.0
ample,6.623032295762338,4197902.0
amplification,6.073921706473157,1185555.0
amplified,5.972992461983635,939707.0
amplifier,6.360367688383779,2292808.0
amplifiers,5.872000598371865,744733.0
amplify,5.582016747651531,381959.0
amplitude,6.554088479394596,3581694.0
amply,6.00592872519429,1013745.0
amputated,5.428865026081611,268451.0
amputation,5.833215981347726,681108.0
amputee,4.810024060405453,64569.0
amt,5.5328435212032385,341070.0
amuse,6.002856494613974,1006599.0
amused,6.37107858089689,2350058.0
amusement,6.4692317105768815,2945993.0
amusements,5.92979940533906,850745.0
amusing,6.385652917537757,2430261.0
amy,6.446516042078633,2795864.0
amygdala,5.492423715250084,310759.0
amylase,5.483631508606563,304531.0
amyloid,5.607825891707559,405346.0
an,8.998882327644752,997429773.0
ana,6.3658738113967,2322062.0
anaconda,5.282118882599863,191478.0
anaemia,5.608522824492812,405997.0
anaerobic,5.977540705946534,949600.0
anaesthesia,5.6922942297334655,492373.0
anaesthetic,5.471334258096281,296029.0
anagram,4.923539321378414,83857.0
anaise,3.015778756389041,1037.0
anal,6.41409485112575,2594746.0
analgesia,5.725705865118072,531748.0
analgesic,5.700399950849506,501649.0
analog,6.298188468587021,1986957.0
analogical,5.409471545860303,256727.0
analogies,6.00280385484592,1006477.0
analogous,6.574846512450627,3757046.0
analogue,5.877026192312953,753401.0
analogues,5.644662080359792,441227.0
analogy,6.613876796495361,4110331.0
analyse,5.782800013240915,606457.0
analysed,5.7395937026699055,549027.0
analyses,6.756081058495137,5702707.0
analysing,5.413584728724409,259170.0
analysis,7.740587390593564,55028464.0
analyst,6.395080951713756,2483596.0
analysts,6.297485626204829,1983744.0
analytic,6.435914726179389,2728442.0
analytical,6.623680682065068,4204174.0
analytically,5.684369530665809,483470.0
analyze,6.627435706832913,4240682.0
analyzed,6.664825430921677,4621952.0
analyzer,5.832156863791371,679449.0
analyzes,5.861391613821409,726761.0
analyzing,6.459268967702099,2879181.0
anana,3.9134959596171237,8194.0
anaphylaxis,5.4450496958941175,278644.0
anarchism,5.487248703382666,307078.0
anarchist,5.741665984301851,551653.0
anarchy,6.143809862011787,1392547.0
anastomosis,5.68430125553985,483394.0
anathema,5.57923466734815,379520.0
anatomic,5.909410526915438,811728.0
anatomical,6.201270641535982,1589537.0
anatomy,6.591076633476402,3900108.0
ancestor,6.280474108968953,1907542.0
ancestors,6.671272098682126,4691072.0
ancestral,6.190916900794662,1552090.0
ancestry,6.176791067163103,1502419.0
ancheedy,0.0001,1.0
anchor,6.550522594911566,3552406.0
anchorage,5.977179253298784,948810.0
anchored,6.170342991283557,1480277.0
anchoring,5.546552533695104,352008.0
anchors,5.820328247081101,661193.0
anchovies,5.1533818779334855,142358.0
anchovy,5.194275622449115,156414.0
ancient,7.427178813335565,26741072.0
anciently,5.411574254162372,257973.0
ancients,6.165101516833915,1462519.0
ancillary,5.7641993041111235,581031.0
and,9.926774682044018,8448404166.0
andes,5.9290150996240225,849210.0
androgen,5.639336053889471,435849.0
androgenous,3.3841741388070337,2422.0
androgynous,5.248723432289026,177306.0
androgyny,5.0661394928706995,116450.0
android,4.9462851965432675,88366.0
anecdotal,5.67274788891749,470704.0
anecdote,6.040517292339444,1097785.0
anecdotes,6.08008038994501,1202487.0
anemia,6.37760381570783,2385634.0
anemone,5.364160611517093,231292.0
anesthesia,6.3828273896056515,2414501.0
anesthesiology,5.46936392503058,294689.0
anesthetic,6.0926592497676895,1237825.0
anesthetics,5.650492083354716,447190.0
aneurysm,5.852839723466453,712590.0
anew,6.237682197700715,1728551.0
angel,6.87056559426744,7422763.0
angela,6.165602775380656,1464208.0
angelic,5.8971100281500775,789060.0
angelica,5.670359979575837,468123.0
angelis,4.7047166187864375,50666.0
angels,6.801832715478751,6336256.0
anger,7.042933549484084,11039097.0
angered,5.870018019521937,741341.0
angina,5.911749231559039,816111.0
angiography,5.7497904058192635,562070.0
angioplasty,5.535138353857735,342877.0
angle,7.201237143380894,15894144.0
angled,5.9412614177497645,873497.0
angler,5.596279229696081,394711.0
angles,6.842841300512551,6963720.0
angling,5.519816185003886,330991.0
angrily,6.216077714392478,1644666.0
angry,7.005217374472947,10120859.0
angst,5.2892655636900425,194655.0
angstrom,5.011515466132567,102687.0
anguish,6.3769893409629645,2382261.0
anguished,5.509011552125814,322858.0
angular,6.556564687221637,3602174.0
anhydride,5.747363636596234,558938.0
anhydrous,5.716286377981442,520339.0
ani,5.656044511076047,452944.0
anil,5.82031313962107,661170.0
aniline,5.702161604231023,503688.0
anima,5.629812103417341,426395.0
animal,7.382158768841074,24107866.0
animals,7.43104498764017,26980189.0
animate,5.880300707775207,759103.0
animated,6.37100132695678,2349640.0
animating,5.510717889336863,324129.0
animation,6.251479071632523,1784346.0
animosity,5.846943587172504,702981.0
animus,5.52246510000716,333016.0
anion,5.868135798670241,738135.0
anions,5.662226912730592,459438.0
anisotropic,5.522770158085897,333250.0
anisotropy,5.535965933597808,343531.0
ankastor,0.0001,1.0
ankle,6.307578824093449,2030387.0
ankles,6.028251106859091,1067213.0
ann,7.186450474753565,15362096.0
anna,6.880868275656283,7600957.0
annals,6.418345713063538,2620268.0
annex,6.015803883597435,1037060.0
annexation,6.086362678498079,1220008.0
annihilate,5.5704962390396675,371960.0
annihilated,5.760230175065555,575745.0
annihilation,5.975817217414231,945839.0
anniversary,6.428003189344645,2679188.0
annotate,4.823552473379485,66612.0
annotation,5.673425506877729,471439.0
announce,6.294136301613504,1968504.0
announced,6.990497667399332,9783577.0
announcement,6.471148047334259,2959021.0
announcements,5.911290274764412,815249.0
announcer,5.623680268861724,420417.0
announces,6.033750559731878,1080813.0
announcing,6.184708177798252,1530059.0
annoy,5.714762999654977,518517.0
annoyance,6.110771133427634,1290539.0
annoyed,6.253905222742182,1794342.0
annoying,6.015750695954786,1036933.0
annual,7.361518153348887,22988898.0
annually,6.675087318956845,4732464.0
annuities,5.768482704043391,586790.0
annuity,6.190908786150771,1552061.0
annul,5.446647435292023,279671.0
annular,5.700517674685654,501785.0
annulus,5.4732489552728785,297337.0
annum,6.162059327741236,1452310.0
annunciation,5.517098203705344,328926.0
ano,5.951467204829972,894267.0
anode,6.018139380623518,1042652.0
anodyne,5.048197006911957,111737.0
anoint,5.3129153682701595,205549.0
anomalies,6.168257583009622,1473186.0
anomalous,5.981728931273233,958802.0
anomaly,6.04235378060326,1102437.0
anon,6.071470705030816,1178883.0
anonomous,0.0001,1.0
anonymity,5.750387269198656,562843.0
anonymous,6.523110553228599,3335113.0
anonymously,5.557036561547673,360609.0
anorak,4.234947315652686,17177.0
anorexia,5.956240966969185,904151.0
another,8.228087867422131,169078298.0
answer,7.6453518725654614,44192836.0
answerable,5.617397738013206,414379.0
answered,7.292569691538232,19614159.0
answering,6.56280693133563,3654323.0
answers,7.083057849473508,12107594.0
ant,6.426146105342156,2667756.0
antagonism,6.109510714730204,1286799.0
antagonisms,5.45340396713685,284056.0
antagonist,6.064939564366469,1161287.0
antagonistic,5.965284035078275,923175.0
antagonists,5.976751985347564,947877.0
antagonize,5.321592217338184,209697.0
antarctic,5.924574919278717,840572.0
antarctica,5.681087397502494,479830.0
antartica,3.7113853790984517,5145.0
ante,6.310968243079397,2046295.0
anteater,4.6491303221219455,44579.0
antecedent,6.126236638649673,1337324.0
antecedents,5.949206002479843,889623.0
antediluvian,5.01939880164736,104568.0
anteed,3.6335694425540916,4301.0
antelope,5.8451706231690945,700117.0
antenna,6.321036611652739,2094289.0
antennae,5.871822699784898,744428.0
antennas,5.786397171583468,611501.0
anterior,6.920685613601649,8330779.0
anteriorly,5.856841828503688,719187.0
anteroom,5.250359001609039,177975.0
anthem,5.757937041266266,572713.0
anthill,4.714187207275066,51783.0
anthology,6.1356525389625665,1366635.0
anthracite,5.6906505219166785,490513.0
anthrax,5.6315837759723815,428138.0
anthropologist,6.019835086429715,1046731.0
anthropology,6.525407388761954,3352798.0
anti,7.206863477292724,16101394.0
anti-government,4.623600719895257,42034.0
anti-matter,0.0001,1.0
antibacterial,5.470772007503299,295646.0
antibiotic,6.155016120999227,1428947.0
antibiotics,6.274797961657565,1882773.0
antibodies,6.486650758354116,3066555.0
antibody,6.519609479503587,3308335.0
antichrist,5.763006973175569,579438.0
anticipate,6.363105948333296,2307310.0
anticipated,6.699823162454812,5009832.0
anticipates,5.738841577327318,548077.0
anticipating,6.029651172046119,1070659.0
anticipation,6.39277483795786,2470443.0
anticipations,5.575284857326892,376084.0
anticipatory,5.622529005426801,419304.0
anticoagulant,5.494427334379646,312196.0
antics,5.647432852426787,444051.0
antidisestablishmentarianism,3.238297067875394,1731.0
antidote,5.852015562670273,711239.0
antigen,6.475799424248893,2990883.0
antigenic,5.695911380352521,496491.0
antimicrobial,5.70824578721668,510794.0
antimony,5.93311407971344,857263.0
antioxidant,5.621186671470898,418010.0
antipasto,4.579829309419536,38004.0
antipathy,5.748814974678598,560809.0
antiquarian,5.717918362826029,522298.0
antiquated,5.720740455389603,525703.0
antiquated.,0.0001,1.0
antique,6.354141106087785,2260170.0
antiques,5.995818086182131,990417.0
antiquities,5.994253785934165,986856.0
antiquity,6.503842958619671,3190384.0
antiseptic,5.840532021298789,692679.0
antiserum,5.409168633326428,256548.0
antislavery,5.829507682510444,675317.0
antisocial,5.883744312205285,765146.0
antitheft,3.785614524946824,6104.0
antithesis,5.936750931164106,864472.0
antithetical,5.547388220531053,352686.0
antitoxin,5.501619236832574,317409.0
antitrust,6.212343176522415,1630584.0
antiviral,5.474155050473048,297958.0
antiwar,5.554368000990087,358400.0
antler,5.259342976277285,181695.0
antlers,5.52169237098241,332424.0
antonio,6.6957389372714315,4962939.0
antonym,4.819425475437874,65982.0
antonyms,5.160759563954066,144797.0
antral,4.9331733485576965,85738.0
ants,6.186750999487614,1537273.0
antsy,4.5767213355919525,37733.0
anus,5.908766414859552,810525.0
anvil,5.691172587113616,491103.0
anxieties,6.0757447210735265,1190542.0
anxiety,7.060142457040162,11485303.0
anxious,6.933689860738325,8584003.0
anxiously,6.196205763605937,1571107.0
any,8.545988914556043,351551467.0
anybody,6.8014811625844,6331129.0
anyhow,6.2129981522702975,1633045.0
anymore,6.556635452845876,3602761.0
anyone,7.34219216721272,21988326.0
anything,7.72579137648511,53185271.0
anytime,5.903385749375113,800545.0
anyway,6.948725564839185,8886394.0
anyways,5.071454863761317,117884.0
anywhere,6.88018134811162,7588944.0
aol,5.538846338922632,345817.0
aorta,6.142940120178052,1389761.0
aortic,6.26323851314733,1833321.0
apa,5.783082071929862,606851.0
apace,5.520369540044488,331413.0
apache,6.097717397222461,1252326.0
aparagus,0.0001,1.0
apart,7.212612844877648,16315968.0
apartheid,5.831072089399409,677754.0
apartment,6.922234484884642,8360543.0
apartments,6.361823370295227,2300506.0
apathetic,5.553137535741437,357386.0
apathy,5.96864169386446,930340.0
apatite,5.275339001055899,188512.0
ape,6.0123989143097845,1028961.0
aperitif,4.6689447344577335,46660.0
aperture,6.2787929142528265,1900172.0
apex,6.450966026188329,2824659.0
aphasia,5.7778493107825515,599583.0
aphid,5.242866778809435,174931.0
aphids,5.404156099226365,253604.0
aphrodisiac,5.047753690514787,111623.0
api,5.899311521834685,793070.0
apical,6.06295407719558,1155990.0
apiece,5.828127979015532,673175.0
apnea,5.62135287281021,418170.0
apocalypse,5.927218384716627,845704.0
apocalyptic,5.900176980772384,794652.0
apocryphal,5.596887261311567,395264.0
apollo,6.3908955597890245,2459776.0
apologetic,5.729759916157646,536735.0
apologetically,5.456077419937254,285810.0
apologies,5.801904951877722,633731.0
apologize,6.055733726297597,1136930.0
apologized,5.832944904272313,680683.0
apology,6.309136835363756,2037684.0
apoplexy,5.4810827173140195,302749.0
apoptosis,5.744364185930269,555091.0
apostasy,5.5523323291783635,356724.0
apostate,5.486362460036732,306452.0
apostle,6.542424919892442,3486783.0
apostle.,0.0001,1.0
apostles,6.563294156152242,3658425.0
apostolic,6.215981849154726,1644303.0
apostrophe,5.535094019934132,342842.0
apothecary,5.5585273767545775,361849.0
apotheosis,5.448338327435396,280762.0
app,6.761884632235567,5779425.0
appal,4.621238616222225,41806.0
appall,4.586418504585972,38585.0
appalled,5.860445219146345,725179.0
appalling,6.0074567287909915,1017318.0
apparatus,6.849261515673862,7067430.0
apparel,6.094609815191524,1243397.0
apparent,7.209097972091114,16184451.0
apparently,7.302794678967179,20081432.0
apparition,5.843928213735226,698117.0
appartment,3.641077313325374,4376.0
appeal,7.179867172033385,15130984.0
appealed,6.50010756741618,3163061.0
appealing,6.38194297193005,2409589.0
appeals,6.808176525183932,6429490.0
appear,7.600887051456692,39892114.0
appearance,7.375600339502997,23746540.0
appearances,6.479451640278172,3016141.0
appeared,7.512690891912219,32560487.0
appearing,6.6823464664686005,4812231.0
appears,7.547638317967538,35288916.0
appease,5.736795551063836,545501.0
appeased,5.516701920662753,328626.0
appeasement,5.423530939755065,265174.0
appellant,6.041040764080598,1099109.0
appellate,6.208027020365969,1614459.0
appellation,5.797180257571148,626874.0
appellee,5.5037144365808475,318944.0
append,5.558044624465883,361447.0
appendage,5.632937888358068,429475.0
appendages,5.851451597346206,710316.0
appended,5.908441051038862,809918.0
appendices,5.77433810176148,594755.0
appendicitis,5.619023378526392,415933.0
appendicular,4.751933133091522,56485.0
appendix,7.038492000341753,10926775.0
appetite,6.531986361811517,3403975.0
appetites,5.914371192277318,821053.0
appetizer,5.2509247591939285,178207.0
appetizing,5.170675271954675,148141.0
appl,6.2707619612346175,1865357.0
applaud,5.677220842972264,475577.0
applauded,5.932673615913363,856394.0
applause,6.347522623680293,2225987.0
apple,6.7978445542823325,6278336.0
appleby’s,0.0001,1.0
apples,6.464535746517245,2914310.0
applesauce,5.171451459664138,148406.0
applet,5.559547555580434,362700.0
appliance,5.8984915209538,791574.0
appliances,6.191782338020655,1555186.0
applicability,6.0569642770418035,1140156.0
applicable,6.896241683461467,7874839.0
applicant,6.42424425832867,2656099.0
applicants,6.366360937413703,2324668.0
application,7.524443145405958,33453622.0
applications,7.199114641699866,15816655.0
applied,7.510650099436455,32407841.0
applies,6.860469832376195,7252201.0
apply,7.313607746789263,20587696.0
applying,6.852655261965134,7122874.0
appoint,6.419895306344683,2629634.0
appointed,7.217602661465621,16504511.0
appointees,5.568971034663617,370656.0
appointing,5.938974295588749,868909.0
appointment,6.917004285113287,8260461.0
appointments,6.385859806111071,2431419.0
appoints,5.616955230897207,413957.0
apportioned,5.681298234785964,480063.0
apportionment,5.836082844330574,685619.0
apposition,5.475251215745538,298711.0
appositive,4.935839661047016,86266.0
appraisal,6.4062215809798095,2548130.0
appraisals,5.663313561729935,460589.0
appraise,5.589718437095954,388793.0
appraised,5.741181549162607,551038.0
appraiser,5.457412544636192,286690.0
appraising,5.536163105209554,343687.0
appreciable,6.17574368442176,1498800.0
appreciably,5.891258616904139,778500.0
appreciate,6.771202912281855,5904769.0
appreciated,6.5429500976221755,3491002.0
appreciates,5.534295234434795,342212.0
appreciating,5.710102973048413,512983.0
appreciation,6.754726114598148,5684943.0
appreciative,5.831610015376279,678594.0
apprehend,6.016225385103229,1038067.0
apprehended,6.078919504764796,1199277.0
apprehension,6.425730619345601,2665205.0
apprehensions,5.867727279701832,737441.0
apprehensive,5.900381878029925,795027.0
apprentice,6.084019738597769,1213444.0
apprenticed,5.416668793797132,261017.0
apprentices,5.8455600076379515,700745.0
apprenticeship,6.050517409275363,1123356.0
apprised,5.507496958421835,321734.0
approach,7.603500770200201,40132921.0
approached,6.890070423477137,7763730.0
approaches,7.054157534196463,11328112.0
approaching,6.7899885881794955,6165788.0
approbation,6.073581260241962,1184626.0
appropriate,7.439764814988192,27527376.0
appropriated,6.2679733764808825,1853418.0
appropriately,6.4091864077731,2565585.0
appropriating,5.582078142315371,382013.0
appropriation,6.376430951177879,2379200.0
appropriations,6.2620545854045995,1828330.0
approval,6.926071030693699,8434727.0
approve,6.470742920965001,2956262.0
approved,6.9819342074058195,9592553.0
approves,5.766210525850575,583728.0
approving,5.907965699793449,809032.0
approvingly,5.446872544012283,279816.0
approx,5.8225172059478805,664534.0
approximate,6.64806800838898,4447009.0
approximated,5.945877082773582,882830.0
approximately,7.2039543220064655,15993898.0
approximating,5.691501431347839,491475.0
approximation,6.582568419639731,3824445.0
approximations,5.964954605173462,922475.0
apricot,5.61394958961628,411102.0
apricots,5.495676132165787,313095.0
apricots.,0.0001,1.0
april,7.531622057349283,34011208.0
apron,6.1175102576279485,1310721.0
aprons,5.451417972989262,282760.0
apropos,5.440184654070886,275540.0
apse,5.426421790738989,266945.0
apt,6.704206645345241,5060654.0
apteryx,3.974971994298069,9440.0
aptitude,6.054752818208031,1134365.0
aptitudes,5.505948616828925,320589.0
aptly,5.887280197524838,771401.0
aqua,5.734699042379713,542874.0
aquafit,0.0001,1.0
aquarium,5.835990353097896,685473.0
aquatic,6.172228307435677,1486717.0
aqueduct,5.668835821414309,466483.0
aqueous,6.448945502377587,2811548.0
aquifer,5.620538918337037,417387.0
ara,5.630778627014913,427345.0
arabic,6.463716996907385,2908821.0
arable,5.70995309792973,512806.0
arbiter,5.679537819169182,478121.0
arbitrage,5.488903085267769,308250.0
arbitrarily,6.155700024111417,1431199.0
arbitrariness,5.424075975591868,265507.0
arbitrary,6.778026951993529,5998283.0
arbitration,6.5044352475273195,3194738.0
arbitrator,5.903880226423561,801457.0
arbor,6.302340021494614,2006042.0
arc,6.934159165056146,8593284.0
arcade,5.735923700737448,544407.0
arcades,5.485399134219854,305773.0
arch,6.928726977962433,8486468.0
archaeological,6.34966326610746,2236986.0
archaeologist,5.594441170954488,393044.0
archaeologists,5.8281776522249125,673252.0
archaeology,6.276804738403281,1891493.0
archaic,6.1575274825638715,1437234.0
archangel,5.662783322131343,460027.0
archbishop,6.551493059307682,3560353.0
archdeacon,5.601190532615333,399200.0
archduke,5.661181127595972,458333.0
arched,6.151070614214793,1416024.0
archeological,5.587178712424459,386526.0
archer,6.126419433798857,1337887.0
archery,5.482869297786798,303997.0
arches,6.294164760866096,1968633.0
archetypal,5.705261437943707,507296.0
archetype,5.650805655844691,447513.0
arching,5.583282676546601,383074.0
archipelago,5.8852718637977555,767842.0
architect,6.605819536494081,4034777.0
architects,6.391620081065113,2463883.0
architectural,6.597800895251454,3960964.0
architecture,6.983760388099746,9632974.0
architectures,5.6522734231110014,449028.0
archival,5.755979987926298,570138.0
archive,6.123403073810683,1328627.0
archives,6.745664281962492,5567552.0
archway,5.491757981808976,310283.0
arcs,5.99192039155885,981568.0
arctic,6.377450688256948,2384793.0
arctic ocean,5.253224085025361,179153.0
ard,5.555462052073166,359304.0
ardent,6.358426007651987,2282580.0
ardently,5.657732595122837,454708.0
ardor,5.888417082948528,773423.0
arduous,6.003159696244222,1007302.0
are,9.1268937220942,1339348890.0
area,7.851243600806757,70997589.0
areas,7.614705947314046,41181859.0
arena,6.443362668121,2775637.0
arenas,5.69746822622158,498274.0
areola,5.154469621852342,142715.0
ares,5.363166176303511,230763.0
argent,5.525449096048944,335312.0
argentina,6.463532120967984,2907583.0
argentine,6.078511192088617,1198150.0
arginine,5.623498421237764,420241.0
argon,5.7878733184955715,613583.0
argots,3.599773939146388,3979.0
argue,6.8786244974485244,7561788.0
argued,7.030674067788744,10731837.0
argues,6.669208618941312,4668836.0
arguing,6.464631258714768,2914951.0
argument,7.328183412985074,21290380.0
argumentation,5.665491871775859,462905.0
argumentative,5.5688749453319355,370574.0
arguments,7.028912535834024,10688396.0
argyle,5.418904243531587,262364.0
aria,5.75717882724716,571714.0
arid,6.265236337818169,1841774.0
ariel,5.799890996174262,630799.0
aright,5.68436414091451,483464.0
arise,7.001742017962709,10040192.0
arisen,6.3247142709384985,2112099.0
arises,6.779149414039118,6013806.0
arising,6.748752707882719,5607286.0
aristocracy,6.354236402649699,2260666.0
aristocrat,5.696230538699058,496856.0
aristocratic,6.298940144816095,1990399.0
aristocrats,5.7962509201223,625534.0
arithmetic,6.564642633018539,3669802.0
arithmetical,5.685467643648859,484694.0
arizona,6.712561992218629,5158958.0
ark,6.23126921823872,1703214.0
arm,7.371633204289633,23530611.0
armada,5.667253038026171,464786.0
armadillo,5.091213084979909,123371.0
armageddon,5.332543485880693,215052.0
armament,5.881638539242453,761445.0
armaments,5.832747709008318,680374.0
armature,6.118046697216593,1312341.0
armchair,5.839768946085613,691463.0
armed,7.043142009322756,11044397.0
armies,6.7440728065313005,5547187.0
arming,5.59980231634576,397926.0
armistice,6.029246973672978,1069663.0
armoire,4.868274042975691,73837.0
armor,6.350791515622457,2242805.0
armored,6.0198218092497555,1046699.0
armory,5.650181199879013,446870.0
armour,6.086757633046215,1221118.0
armoured,5.456185292576053,285881.0
arms,7.526180407713584,33587711.0
army,7.650996445631452,44770964.0
aroma,5.876313698208805,752166.0
aromatic,6.251477854673787,1784341.0
arose,6.84012134470332,6920243.0
around,7.9917970279078965,98128922.0
arousal,6.080798150808909,1204476.0
arouse,6.186063674888195,1534842.0
aroused,6.5481453583832465,3533014.0
arouses,5.554969828105068,358897.0
arousing,5.782553598921275,606113.0
arrange,6.653217435751581,4500051.0
arranged,7.057742079783486,11421998.0
arrangement,7.082044859484706,12079386.0
arrangements,6.934260382528057,8595287.0
arranges,5.629591026970847,426178.0
arranging,6.254304156017182,1795991.0
arras,5.467403857772028,293362.0
array,6.847540764469951,7039483.0
arrayed,5.89322063693261,782025.0
arrays,6.088854827104464,1227029.0
arrears,5.699941736041831,501120.0
arrest,6.812912755311618,6499991.0
arrested,6.770069724656162,5889382.0
arresting,5.8627287197964,729002.0
arrests,6.092286484064391,1236763.0
arrhythmia,5.4390088263053995,274795.0
arrhythmic,4.499535877840699,31589.0
arrival,6.996661941814801,9923433.0
arrivals,5.920067469923003,831893.0
arrive,6.855147453781566,7163866.0
arrived,7.344510440730449,22106014.0
arrives,6.382498824099948,2412675.0
arriving,6.588318776209558,3875420.0
arrogance,6.091251805800358,1233820.0
arrogant,6.102588734173805,1266452.0
arrow,6.698863154750432,4998770.0
arrowhead,5.478364451169681,300860.0
arrows,6.545163193907977,3508837.0
arroyo,5.562833908093175,365455.0
arse,5.10273890812187,126689.0
arsenal,6.009557968909048,1022252.0
arsenic,6.180657660589158,1515855.0
arson,5.634643499572477,431165.0
arsonist,4.6047658847038875,40250.0
art,7.792679041322848,62041036.0
arterial,6.471356116849761,2960439.0
arteries,6.491869801219354,3103629.0
arterioles,5.457877357046692,286997.0
arteriovenous,5.486470151579013,306528.0
artery,6.791272079365598,6184037.0
artful,5.730058386729361,537104.0
artfully,5.492137127420693,310554.0
arthritis,6.393258184224196,2473194.0
arthropod,5.145550660811136,139814.0
artichoke,5.4002927121245285,251358.0
article,7.41341310182769,25906760.0
articles,7.237310594149205,17270726.0
articular,5.987198655222743,970954.0
articulate,6.26611899135353,1845521.0
articulated,6.223226922164202,1671964.0
articulation,6.224080404332041,1675253.0
articulations,5.449438284878223,281474.0
artifact,5.934695354097971,860390.0
artifacts,6.31533396321176,2066969.0
artifice,5.778790640018859,600884.0
artificial,6.887169780277815,7712049.0
artificially,6.055501032815173,1136321.0
artillery,6.722025484252903,5272608.0
artisan,5.766528098333496,584155.0
artisans,6.064331800861254,1159663.0
artist,7.09224199055224,12366363.0
artistic,6.809408122773976,6447749.0
artistically,5.62058261747135,417429.0
artistry,5.613839708515784,410998.0
artists,6.970164006267521,9336068.0
artless,5.4096728066129955,256846.0
arts,7.212104920718979,16296897.0
arturo,5.532469000899263,340776.0
artwork,5.901976223326937,797951.0
arundel,5.5445628580693835,350399.0
ary,5.512441571601667,325418.0
as,9.318226667455395,2080782408.0
as well,7.928979534716779,84914046.0
asail,2.8992731873176036,793.0
asbestos,6.039772512089675,1095904.0
ascend,6.126093075915352,1336882.0
ascendancy,5.781540686803598,604701.0
ascendant,5.510338537213114,323846.0
ascended,6.1804779870902555,1515228.0
ascendency,5.5436707934815965,349680.0
ascending,6.414643325840092,2598025.0
ascension,5.982882434148419,961352.0
ascent,6.207325162447907,1611852.0
ascertain,6.48088858561618,3026137.0
ascertained,6.367851069869422,2332658.0
ascetic,5.890370152504499,776909.0
asceticism,5.683183972584878,482152.0
asci,4.983233756516236,96213.0
ascii,5.723545148825752,529109.0
ascites,5.633064272691499,429600.0
ascorbic,5.672901943940698,470871.0
ascot,4.9966254844226725,99226.0
ascribe,5.933824772560658,858667.0
ascribed,6.380441537672039,2401273.0
ascribes,5.566753227928281,368768.0
aseity,3.810635700275537,6466.0
aseptic,5.509384000678229,323135.0
asexual,5.412487427494457,258516.0
ash,6.583895693695729,3836151.0
ashamed,6.565982806629546,3681144.0
ashes,6.4854891729610875,3058364.0
ashing,4.6837852517105985,48282.0
ashore,6.320760305809037,2092957.0
aside,7.16127855831309,14497014.0
asinine,4.736571778436161,54522.0
ask,7.599529916947582,39767649.0
ask attention,3.6358856852812727,4324.0
asked,7.879558973662932,75780763.0
askew,5.410424594921197,257291.0
asking,7.0913198756732845,12340134.0
asks,6.835960257524958,6854255.0
asleep,6.788762678975621,6148408.0
asp,5.813126442727896,650319.0
asparagus,5.834790618408565,683582.0
aspberger,0.0001,1.0
aspect,7.124530438214596,13320804.0
aspects,7.268070936724164,18538344.0
aspen,5.865417880371566,733530.0
asperger’s,0.0001,1.0
aspergillus,5.423178676007181,264959.0
asphalt,6.070114000073078,1175206.0
asphyxia,5.4175148713876995,261526.0
aspirate,5.32823277485271,212928.0
aspiration,6.285488671554682,1929695.0
aspirations,6.4318760901896574,2703187.0
aspire,5.9167439078040385,825551.0
aspired,5.704839177007752,506803.0
aspires,5.441292853950399,276244.0
aspirin,6.1029726372871185,1267572.0
aspiring,5.9011028936828875,796348.0
ass,6.575836145939483,3765617.0
assail,5.526491770700218,336118.0
assailant,5.590584390545926,389569.0
assailants,5.6444011656551965,440962.0
assailed,5.967170144188446,927193.0
assassin,5.86542616914602,733544.0
assassinate,5.453460532917493,284093.0
assassinated,5.849919148387136,707814.0
assassination,6.252329378426688,1787843.0
assassins,5.695011227951851,495463.0
assault,6.695533946289285,4960597.0
assaulted,5.822717140825213,664840.0
assaults,6.024679784319941,1058473.0
assay,6.332971204252957,2152639.0
assayed,5.456107809306933,285830.0
assays,5.940761453543213,872492.0
assemblage,6.038007028438025,1091458.0
assemblages,5.636050372588226,432564.0
assemble,6.273598219200718,1877579.0
assembled,6.754531954519977,5682402.0
assembler,5.472080354134894,296538.0
assemblies,6.302056539376073,2004733.0
assembling,6.035663033745269,1085583.0
assembly,7.221130693161107,16639133.0
assent,6.290191374510186,1950704.0
assented,5.7848896218326225,609382.0
assert,6.583743964457162,3834811.0
asserted,6.668717289265311,4663557.0
asserting,6.216899490849182,1647781.0
assertion,6.641181805344708,4377053.0
assertions,6.146225740945236,1400315.0
assertive,5.897646331759,790035.0
assertiveness,5.566158086753263,368263.0
asserts,6.363037052351102,2306944.0
asses,5.722906915821414,528332.0
assess,6.698573920924055,4995442.0
assessed,6.534804978509355,3426139.0
assesses,5.557742932152136,361196.0
assessing,6.453082778462197,2838460.0
assessment,7.170038700747751,14792402.0
assessments,6.4011847186358315,2518748.0
assessor,5.642033969536246,438565.0
assessors,5.607853747648919,405372.0
asset,6.68666227253612,4860291.0
assets,7.076276328272413,11920002.0
asshole,5.582831225761456,382676.0
assiduous,5.445369091376403,278849.0
assiduously,5.53753576714201,344775.0
assign,6.522047187768911,3326957.0
assigned,7.096187406291605,12479219.0
assignee,5.802221444127287,634193.0
assigning,6.1677018253257305,1471302.0
assignment,6.809394988158376,6447554.0
assignments,6.467144413389932,2931868.0
assigns,6.164320431218897,1459891.0
assimilate,5.836612072683855,686455.0
assimilated,5.992462938327037,982795.0
assimilation,6.2887324502891975,1944162.0
assist,6.893252512625127,7820824.0
assistance,7.210639827021769,16242012.0
assistant,7.001818919602168,10041970.0
assistants,6.369553881617802,2341822.0
assisted,6.650153015063162,4468410.0
assisting,6.220437608206167,1661260.0
assists,5.935583336269744,862151.0
associate,6.791576973876085,6188380.0
associated,7.547107557347091,35245815.0
associates,6.807469743695717,6419035.0
associating,5.793733126660036,621918.0
association,7.568956235947932,37064337.0
associations,6.915724774862234,8236160.0
associative,5.925875998593206,843094.0
assort,4.420747654769476,26348.0
assorted,5.864419110057437,731845.0
assortment,5.974175364266993,942270.0
assuage,5.416868410533749,261137.0
assume,7.26635371018125,18465187.0
assumed,7.2525415859932085,17887168.0
assumes,6.6678807789992,4654583.0
assuming,6.883047766631034,7639198.0
assumption,7.0296578243742225,10706754.0
assumptions,6.841167687727864,6936936.0
assurance,6.68627545840919,4855964.0
assurances,6.0193244525475444,1045501.0
assure,6.697673961704509,4985101.0
assured,6.8932623969465325,7821002.0
assuredly,6.017089292867786,1040134.0
assures,5.996858706371324,992793.0
assuring,6.075541487057836,1189985.0
ast,5.635345997323339,431863.0
aster,5.591344024595251,390251.0
asterick,2.814913181275074,653.0
asterisk,5.667056770387185,464576.0
asterisks,5.228787765451861,169351.0
astern,5.528767626885193,337884.0
asteroid,5.449470685184898,281495.0
asters,5.117533119495977,131079.0
asthma,6.31440659105949,2062560.0
asthmatic,5.452964949739165,283769.0
astigmatism,5.432579693449066,270757.0
astonish,5.424048167501823,265490.0
astonished,6.414751801285839,2598674.0
astonishing,6.313308392015051,2057351.0
astonishingly,5.540492148305367,347130.0
astonishment,6.357400412281854,2277196.0
astoot,0.0001,1.0
astor,5.841829180557966,694751.0
astound,4.762370923293386,57859.0
astounded,5.699174942969764,500236.0
astounding,5.868578613403939,738888.0
astral,5.661357336569159,458519.0
astray,5.98432699664085,964555.0
astride,5.590361371773471,389369.0
astringent,5.554741062533541,358708.0
astrolabe,4.969178196893957,93149.0
astrologer,5.4177472955414245,261666.0
astrological,5.496794082779356,313902.0
astrology,5.892739996745825,781160.0
astronaut,5.49687570368872,313961.0
astronomer,5.886933254399845,770785.0
astronomical,6.138780632795696,1376514.0
astronomy,6.31784989359835,2078978.0
astrophysics,5.203046492518444,159605.0
astute,5.836039135175427,685550.0
asunder,5.844894494336882,699672.0
asylum,6.283997125402988,1923079.0
asymmetric,5.909099566299536,811147.0
asymmetrical,5.716389026271601,520462.0
asymmetry,5.880812449399072,759998.0
asymptomatic,5.8949404658688485,785128.0
asymptotic,5.932468183754261,855989.0
asymptotically,5.456267318619719,285935.0
asynchronous,5.713348555151821,516831.0
at,9.113364625940726,1298268817.0
at last,7.191190667171571,15530687.0
at most,6.298729099285636,1989432.0
atadelunium,0.0001,1.0
ataxia,5.71196152374616,515183.0
atchison,5.430305693077157,269343.0
ate,6.777488445781681,5990850.0
atheism,5.81748008875467,656871.0
atheist,5.725019269567336,530908.0
atheists,5.5165882528051435,328540.0
athenaeum,5.508602431959897,322554.0
athlete,6.167125848441785,1469352.0
athletes,6.2811613629358405,1910563.0
athletic,6.438739911787625,2746249.0
athletics,6.0181077232885505,1042576.0
athol,4.978203349906158,95105.0
atilla,3.8564872128686307,7186.0
atlantic,6.962120764750222,9164753.0
atlantic ocean,5.820795005612571,661904.0
atlas,6.321947672356101,2098687.0
atm,6.102386019862055,1265861.0
atmosphere,7.0784697596910195,11980357.0
atmospheres,5.734583828349992,542730.0
atmospheric,6.507205291667229,3215180.0
atoll,5.377382755941038,238442.0
atom,6.698721082274905,4997135.0
atomic,6.79898379894304,6294827.0
atoms,6.823892085431567,6666411.0
atone,5.630245778980537,426821.0
atonement,6.11904099895857,1315349.0
atop,6.066316232844843,1164974.0
atresia,5.5314993539487745,340016.0
atrial,6.150332066529058,1413618.0
atrium,5.906815947868876,806893.0
atrocious,5.695478174101221,495996.0
atrocities,5.893055667832406,781728.0
atrocity,5.4410050568343244,276061.0
atrophic,5.47876267735525,301136.0
atrophy,6.189285891722468,1546272.0
atropine,5.731993059004757,539502.0
att,5.735319392367857,543650.0
attach,6.47851642620101,3009653.0
attache,5.5812679442558695,381301.0
attached,7.145682407114972,13985642.0
attaches,6.009828083717222,1022888.0
attaching,6.029205152570952,1069560.0
attachment,6.7700790897821665,5889509.0
attachments,6.0964257653644935,1248607.0
attack,7.3914089180487705,24626853.0
attacked,6.876089381312186,7517776.0
attacker,5.714779750739567,518537.0
attackers,5.6393430288669535,435856.0
attacking,6.4216687371950405,2640394.0
attacks,6.948769889341819,8887301.0
attain,6.613761718329242,4109242.0
attainable,5.880897014523856,760146.0
attained,6.741612289833254,5515848.0
attaining,6.122070324261687,1324556.0
attainment,6.365555557352733,2320361.0
attainments,5.796039113697572,625229.0
attains,5.890355618182619,776883.0
attempt,7.456606256045586,28615824.0
attempted,7.041702621317025,11007853.0
attempting,6.762682539116416,5790053.0
attempts,7.125905333396292,13363042.0
attend,6.968170050439806,9293302.0
attendance,6.664951793355458,4623297.0
attendant,6.430303919409731,2693419.0
attendants,6.221860822835136,1666713.0
attended,7.022048806037982,10520801.0
attending,6.699317301021383,5004000.0
attends,5.953805582496308,899095.0
attention,7.666803164087965,46430479.0
attentions,5.90958918839137,812062.0
attentive,6.207410296570351,1612168.0
attentively,5.840151906342704,692073.0
attenuated,5.851568361005779,710507.0
attenuation,6.027745389764388,1065971.0
attest,5.890076576712061,776384.0
attested,6.045109300294648,1109454.0
attests,5.548251798078878,353388.0
attic,6.219240464355887,1656687.0
attire,6.011443562022075,1026700.0
attired,5.620698086878659,417540.0
attitude,7.256185661920623,18037887.0
attitudes,7.062886785810872,11558109.0
attitudinal,5.525855597028986,335626.0
attorney,7.057708770676294,11421122.0
attorneys,6.436636771346368,2732982.0
attract,6.623006845055529,4197656.0
attracted,6.773581020445643,5937191.0
attracting,6.106348670198809,1277464.0
attraction,6.620797823571246,4176359.0
attractions,6.252886511610267,1790138.0
attractive,6.915224868476626,8226685.0
attractiveness,5.927194248129991,845657.0
attracts,5.999564184036391,998997.0
attributable,6.253225054685924,1791534.0
attribute,6.711889610685202,5150977.0
attributed,6.828127398385986,6731741.0
attributes,6.831004865868279,6776491.0
attributing,5.743072114104,553442.0
attribution,5.942609692332663,876213.0
attrition,5.757455246730334,572078.0
attune,4.751510050270041,56430.0
attuned,5.695037523437143,495493.0
atypical,5.977844733698254,950265.0
aubergine,4.458244918055132,28724.0
auburn,5.976581968781156,947506.0
auction,6.259581695536524,1817949.0
auctioneer,5.515840740736557,327975.0
auctions,5.656165306350894,453070.0
audacious,5.700905245308502,502233.0
audacity,5.822341370148443,664265.0
audible,6.079955409372734,1202141.0
audience,7.195499917579654,15685556.0
audiences,6.4895564656089215,3087141.0
audio,6.506895451309546,3212887.0
audiovisual,5.572971455227026,374086.0
audit,6.460629368806161,2888214.0
audited,5.537208135606226,344515.0
auditing,5.943141693851786,877287.0
audition,5.585556602122852,385085.0
auditor,6.2527608245983535,1789620.0
auditorium,6.040768431922218,1098420.0
auditors,5.997031026362577,993187.0
auditory,6.4062805480221785,2548476.0
auf,6.15024050473599,1413320.0
auger,5.572720617983394,373870.0
aught,5.979449577405892,953783.0
augment,5.886698234511005,770368.0
augmentation,5.7568794275221356,571320.0
augmented,6.186867377875622,1537685.0
augmenting,5.47919367738926,301435.0
august,7.449283053880892,28137341.0
auld,5.658092521015978,455085.0
aunt,6.951723839863105,8947956.0
auntie,5.743655550317478,554186.0
aunts,5.827658706241414,672448.0
aura,6.084000769357961,1213391.0
aural,5.544342183753942,350221.0
aureus,5.714526740555565,518235.0
auricle,5.481464127696978,303015.0
auricular,5.523150528566713,333542.0
aurora,6.07661787287606,1192938.0
auspices,6.079625446823453,1201228.0
auspicious,5.691732887345023,491737.0
austere,5.92089883047201,833487.0
austerity,5.703678200880355,505450.0
australia,6.836831235005203,6868015.0
australian,6.530851419343532,3395091.0
autem,5.799273676742225,629903.0
authentic,6.540836814771692,3474056.0
authentication,6.05943011788415,1146648.0
authenticity,6.178146104138392,1507114.0
author,7.555214679487235,35909940.0
authorial,5.415071888230836,260059.0
authorised,5.577161932487322,377713.0
authoritarian,6.168430595843699,1473773.0
authoritative,6.310682906140639,2044951.0
authorities,7.118905210045807,13149378.0
authority,7.576568437206815,37719718.0
authorization,6.243352364122729,1751267.0
authorize,6.142220784426902,1387461.0
authorized,6.8566055912354145,7187959.0
authorizes,5.770780604814906,589903.0
authorizing,6.055101456864331,1135276.0
authors,7.154556219538015,14274346.0
authorship,6.109231174900812,1285971.0
autism,5.888583261836066,773719.0
autistic,5.66078012790725,457910.0
auto,6.574492648643856,3753986.0
autobiography,6.431775344578967,2702560.0
autocracy,5.60991121124425,407297.0
autocratic,5.762612551950236,578912.0
autofield,0.0001,1.0
autograph,5.821921429492144,663623.0
autologous,5.405674134765261,254492.0
automata,5.415932746438471,260575.0
automated,6.229205571988446,1695140.0
automatic,6.796195443768606,6254541.0
automatically,6.7820458599724684,6054048.0
automation,6.142831983168007,1389415.0
automaton,5.507631923020882,321834.0
automobile,6.721826849446678,5270197.0
automobiles,6.274053883354042,1879550.0
automotive,6.031025712499124,1074053.0
autonomic,6.001324747119743,1003055.0
autonomous,6.4013660715976775,2519800.0
autonomy,6.613055788208987,4102568.0
autopsy,5.981434863723891,958153.0
autos,5.485851979054186,306092.0
autosomal,5.722996505730875,528441.0
autumn,6.766860371091164,5846021.0
autumnal,5.571276651016142,372629.0
aux,6.177824971864681,1506000.0
auxiliaries,5.734282046778876,542353.0
auxiliary,6.434968207468637,2722502.0
ava,5.612990362308204,410195.0
avail,6.39109167205178,2460887.0
availability,6.690586237967117,4904404.0
available,7.724835036457566,53068283.0
availed,5.772524867932132,592277.0
avalanche,5.82316176385311,665521.0
avant,6.032679590047631,1078151.0
avarice,5.873909726294739,748014.0
avaricious,5.3669997653884405,232809.0
avast,4.496071276220637,31338.0
avatar,5.2634632631112845,183427.0
ave,6.73803758090414,5470633.0
avec,6.056953992405443,1140129.0
avenge,5.885924080786547,768996.0
avenged,5.506519914515308,321011.0
avenger,5.4154741681092355,260300.0
avenging,5.5102540426878655,323783.0
avenue,6.986583245381927,9695791.0
avenues,6.121214043599735,1321947.0
aver,5.5269024608620105,336436.0
average,7.591695757127862,39056719.0
averaged,6.265063932145859,1841043.0
averages,6.271802355689339,1869831.0
averaging,6.151464851351734,1417310.0
averring,4.629919035503542,42650.0
averse,5.850793221132768,709240.0
aversion,6.141421551181417,1384910.0
aversive,5.51954580751615,330785.0
avert,5.922945921924189,837425.0
averted,5.905160428616624,803823.0
avg,5.758579613265351,573561.0
avian,5.648388312395784,445029.0
aviate,3.1812717715594614,1518.0
aviation,6.353282879798734,2255708.0
aviator,5.380907364243872,240385.0
avid,5.721798253713609,526985.0
avionics,4.958931611709951,90977.0
avocado,5.518270403488877,329815.0
avoid,7.354051996413715,22597063.0
avoidance,6.371177438501431,2350593.0
avoided,6.825522768370193,6691489.0
avoiding,6.570472653205831,3719398.0
avoids,6.103802011131796,1269995.0
avow,5.386698677250756,243612.0
avowal,5.404120135433424,253583.0
avowed,5.995071122977637,988715.0
avril,5.120225039472369,131894.0
avuncular,4.658964842664435,45600.0
aw,6.0513262055058465,1125450.0
await,6.25873327657258,1814401.0
awaited,6.240971107676006,1741691.0
awaiting,6.330352886677328,2139700.0
awaits,5.890431079560409,777018.0
awake,6.633541673476945,4300725.0
awaken,6.135533989421361,1366262.0
awakened,6.426049394980978,2667162.0
awakening,6.327399602883011,2125199.0
awakens,5.617282435995244,414269.0
award,6.795300386105428,6241664.0
awarded,6.543439724318442,3494940.0
awarding,5.596489333247216,394902.0
awards,6.486470859987588,3065285.0
aware,7.260496454419545,18217822.0
awareness,6.907064055102337,8073541.0
away,8.02331890778062,105516143.0
awe,6.403505036254228,2532241.0
awed,5.717860985047771,522229.0
awesome,5.9716853586284016,936883.0
awful,6.706616577371649,5088814.0
awfully,5.995672919550373,990086.0
awhile,6.26276542413868,1831325.0
awkward,6.436463208422826,2731890.0
awkwardly,5.819223360568692,659513.0
awkwardness,5.602231503776835,400158.0
awl,5.343329803077607,220460.0
awn,5.210548584111832,162386.0
awning,5.417974618822761,261803.0
awoke,6.232728085786347,1708945.0
awol,4.940401919672909,87177.0
awry,5.50808644512478,322171.0
ax,6.253273777341663,1791735.0
axe,6.233724910092952,1712872.0
axel,5.500364108997949,316493.0
axes,6.483101242811261,3041594.0
axial,6.331520017099043,2145458.0
axil,4.781274153922566,60433.0
axillary,5.917955849942915,827858.0
axiom,5.962804359409206,917919.0
axiomatic,5.511058085984093,324383.0
axioms,5.897963951142605,790613.0
axis,7.068440498939323,11706862.0
axle,5.953633104705459,898738.0
axon,5.7586719805856275,573683.0
axonal,5.426589329759879,267048.0
aye,6.249009428787305,1774228.0
azimuth,5.633336127102646,429869.0
azure,5.795797319801665,624881.0
eater,5.700408608100957,501659.0
eggplants,4.796747738875302,62625.0
elliptical,5.958662770706332,909207.0
eon,5.372354054769817,235697.0
errand,6.0184058772093705,1043292.0
flight,7.109643972978312,12871939.0
obliterate,5.5383173037352424,345396.0
obnoxious,5.865332023045026,733385.0
random,7.0457271149423635,11110334.0
upon,8.311440204150246,204851998.0
