Subject,Model,Beta_Frequency,Beta_Semantic,Beta_Phonological,Negative_Log_Likelihood_Optimized
8,forage_dynamic_simdrop,4.283951489566984,3.1971372157121567,,73.65488000966003
8,forage_random_baseline,0.0,0.0,,84.25088504432667
9,forage_dynamic_simdrop,8.12269513495831,3.450783345428221,,121.69076569093698
9,forage_random_baseline,0.0,0.0,,145.52425598565515
10,forage_dynamic_simdrop,5.595878090079052,2.2894954116320823,,99.70364859102938
10,forage_random_baseline,0.0,0.0,,107.22839914732485
1101,forage_dynamic_simdrop,10.737681612585115,1.7152296021447686,,50.94934794993892
1101,forage_random_baseline,0.0,0.0,,61.27337094132848
1102,forage_dynamic_simdrop,7.756452130024538,2.175617137743014,,109.23174521958002
1102,forage_random_baseline,0.0,0.0,,122.54674188265697
1103,forage_dynamic_simdrop,-0.1426124861665162,1.563017995664447,,135.33806347637565
1103,forage_random_baseline,0.0,0.0,,137.86508461798908
1104,forage_dynamic_simdrop,-0.12292270699418952,1.2078822455995686,,166.57561679147423
1104,forage_random_baseline,0.0,0.0,,168.50177008865333
1105,forage_dynamic_simdrop,9.386333342516137,1.8753404214560367,,131.10306933170355
1105,forage_random_baseline,0.0,0.0,,153.1834273533212
1106,forage_dynamic_simdrop,9.858276195294806,1.9832876441173548,,55.19565328728166
1106,forage_random_baseline,0.0,0.0,,68.93254230899454
1107,forage_dynamic_simdrop,4.925001879532602,3.777489763427603,,108.62580746350142
1107,forage_random_baseline,0.0,0.0,,122.54674188265697
1108,forage_dynamic_simdrop,8.593721218332444,0.09304031609288398,,69.18354051990383
1108,forage_random_baseline,0.0,0.0,,76.5917136766606
1109,forage_dynamic_simdrop,3.246448131688192,2.906083781777152,,64.49546701044275
1109,forage_random_baseline,0.0,0.0,,68.93254230899454
1110,forage_dynamic_simdrop,5.864119984617,1.2131323987050304,,43.03071220845048
1110,forage_random_baseline,0.0,0.0,,45.955028205996356
1111,forage_dynamic_simdrop,6.997247474129005,3.1053459802119385,,93.59477958051505
1111,forage_random_baseline,0.0,0.0,,107.22839914732485
1112,forage_dynamic_simdrop,10.187483667440121,0.7995614410317153,,46.065763425049454
1112,forage_random_baseline,0.0,0.0,,53.61419957366242
1113,forage_dynamic_simdrop,4.658252451872489,1.8822493872289687,,102.6537918198613
1113,forage_random_baseline,0.0,0.0,,107.22839914732485
1114,forage_dynamic_simdrop,-0.1569927859056327,4.150894879101687,,73.56755352072406
1114,forage_random_baseline,0.0,0.0,,84.25088504432667
1123,forage_dynamic_simdrop,8.00073904159205,1.3939027976552276,,55.3453197066236
1123,forage_random_baseline,0.0,0.0,,61.27337094132848
1126,forage_dynamic_simdrop,10.643637965163148,1.4117743961361284,,64.63156520978869
1126,forage_random_baseline,0.0,0.0,,76.5917136766606
1135,forage_dynamic_simdrop,-0.10337222804150377,2.1337101073958977,,163.58950331815242
1135,forage_random_baseline,0.0,0.0,,168.50177008865333
1161,forage_dynamic_simdrop,9.498136820824342,1.6710309085202717,,130.9912842939866
1161,forage_random_baseline,0.0,0.0,,153.1834273533212
1162,forage_dynamic_simdrop,9.529764166358616,0.9799392707251345,,113.5804515115249
1162,forage_random_baseline,0.0,0.0,,130.20591325032302
1184,forage_dynamic_simdrop,6.741870483276516,2.6370422878958877,,120.95900494393005
1184,forage_random_baseline,0.0,0.0,,137.86508461798908
1185,forage_dynamic_simdrop,6.745649321164636,2.5657486629217763,,185.59236012066964
1185,forage_random_baseline,0.0,0.0,,206.79762692698364
1195,forage_dynamic_simdrop,-0.15631053191356525,2.94580831222337,,86.1745850947017
1195,forage_random_baseline,0.0,0.0,,91.91005641199273
1199,forage_dynamic_simdrop,10.18906399141829,2.3951590143200154,,87.51096684335586
1199,forage_random_baseline,0.0,0.0,,107.22839914732485
1201,forage_dynamic_simdrop,12.760750360242291,2.427126714602613,,55.871564221895895
1201,forage_random_baseline,0.0,0.0,,76.5917136766606
1202,forage_dynamic_simdrop,9.705297410791959,1.2750785858003126,,165.84689125958948
1202,forage_random_baseline,0.0,0.0,,191.47928419165152
1203,forage_dynamic_simdrop,9.981251381077827,1.9225179166938444,,74.6668670960813
1203,forage_random_baseline,0.0,0.0,,91.91005641199273
1204,forage_dynamic_simdrop,7.938206438780884,3.269045859874736,,85.28557625930351
1204,forage_random_baseline,0.0,0.0,,99.56922777965879
1205,forage_dynamic_simdrop,6.109920815944553,1.9335160466586436,,156.64178708098453
1205,forage_random_baseline,0.0,0.0,,168.50177008865333
1206,forage_dynamic_simdrop,8.505412826268829,1.4787627891165316,,108.99819536786381
1206,forage_random_baseline,0.0,0.0,,122.54674188265697
1207,forage_dynamic_simdrop,6.1848986232032175,1.9292378984873622,,106.89924018906137
1207,forage_random_baseline,0.0,0.0,,114.88757051499091
1208,forage_dynamic_simdrop,10.14545599586212,2.0005491403316333,,62.412388268463985
1208,forage_random_baseline,0.0,0.0,,76.5917136766606
1209,forage_dynamic_simdrop,9.273898837542779,2.0400202300094987,,90.8596787944097
1209,forage_random_baseline,0.0,0.0,,107.22839914732485
1210,forage_dynamic_simdrop,11.342594351315723,2.1899535274481403,,95.97831406755354
1210,forage_random_baseline,0.0,0.0,,122.54674188265697
1211,forage_dynamic_simdrop,7.0858278484885995,1.286573705543282,,162.0323384434312
1211,forage_random_baseline,0.0,0.0,,176.1609414563194
1264,forage_dynamic_simdrop,8.847211444363024,0.8900080554018321,,122.68098834866007
1264,forage_random_baseline,0.0,0.0,,137.86508461798908
1265,forage_dynamic_simdrop,9.068576717085891,0.8148859149547,,128.6764165416957
1265,forage_random_baseline,0.0,0.0,,145.52425598565515
1267,forage_dynamic_simdrop,8.225701116135175,2.409568174418919,,128.79059106702354
1267,forage_random_baseline,0.0,0.0,,145.52425598565515
1268,forage_dynamic_simdrop,7.620212601252763,1.6561945896666987,,108.42149927567021
1268,forage_random_baseline,0.0,0.0,,122.54674188265697
1270,forage_dynamic_simdrop,9.029971482183479,1.6794004439799028,,53.28246360818272
1270,forage_random_baseline,0.0,0.0,,61.27337094132848
1272,forage_dynamic_simdrop,6.60679046078739,0.6381519358543496,,78.98431745006535
1272,forage_random_baseline,0.0,0.0,,84.25088504432667
1273,forage_dynamic_simdrop,9.431833445225697,1.965397258838636,,106.23366735301488
1273,forage_random_baseline,0.0,0.0,,122.54674188265697
1278,forage_dynamic_simdrop,7.4102389591006546,0.6266285003696335,,70.73478475641281
1278,forage_random_baseline,0.0,0.0,,76.5917136766606
1329,forage_dynamic_simdrop,5.699135604740194,1.6607247730427308,,107.76478125515159
1329,forage_random_baseline,0.0,0.0,,114.88757051499091
1331,forage_dynamic_simdrop,10.008787045835932,0.9024900420693193,,92.39094413994681
1331,forage_random_baseline,0.0,0.0,,107.22839914732485
1341,forage_dynamic_simdrop,11.442204196701354,2.6117384281061398,,67.41924854957578
1341,forage_random_baseline,0.0,0.0,,84.25088504432667
1388,forage_dynamic_simdrop,15.337618941158077,2.176717931477044,,33.94115336486233
1388,forage_random_baseline,0.0,0.0,,53.61419957366242
1389,forage_dynamic_simdrop,10.910687898455505,1.7929404831489384,,68.6498049995716
1389,forage_random_baseline,0.0,0.0,,84.25088504432667
9377,forage_dynamic_simdrop,10.688118144957935,1.231657157294509,,63.2053377101842
9377,forage_random_baseline,0.0,0.0,,76.5917136766606
11116,forage_dynamic_simdrop,14.693006005499909,2.205421050668704,,52.252800636915616
11116,forage_random_baseline,0.0,0.0,,76.5917136766606
11117,forage_dynamic_simdrop,7.696443492166414,2.538591139007044,,107.62313043834901
11117,forage_random_baseline,0.0,0.0,,122.54674188265697
11118,forage_dynamic_simdrop,10.745474152236138,2.4665462694332043,,105.61837414850397
11118,forage_random_baseline,0.0,0.0,,130.20591325032302
11119,forage_dynamic_simdrop,7.910633216004187,1.9913952618659565,,151.36044605552843
11119,forage_random_baseline,0.0,0.0,,168.50177008865333
11120,forage_dynamic_simdrop,11.566484093741582,2.1148560978836968,,42.774456640347076
11120,forage_random_baseline,0.0,0.0,,53.61419957366242
11121,forage_dynamic_simdrop,8.286143170404687,1.8638424147186334,,95.09466960258537
11121,forage_random_baseline,0.0,0.0,,107.22839914732485
11122,forage_dynamic_simdrop,9.170891741988221,0.0007292364086768003,,47.703427136497695
11122,forage_random_baseline,0.0,0.0,,53.61419957366242
11143,forage_dynamic_simdrop,9.659641296159649,2.2111530762742513,,103.44478067295513
11143,forage_random_baseline,0.0,0.0,,122.54674188265697
11145,forage_dynamic_simdrop,7.209823126444065,2.998882588737656,,114.94550525268869
11145,forage_random_baseline,0.0,0.0,,130.20591325032302
11147,forage_dynamic_simdrop,7.623692776508793,0.29109477270901163,,127.02213334930977
11147,forage_random_baseline,0.0,0.0,,137.86508461798908
11151,forage_dynamic_simdrop,10.357485533611573,2.208174214041404,,114.97915615738779
11151,forage_random_baseline,0.0,0.0,,137.86508461798908
11175,forage_dynamic_simdrop,7.153887557866982,2.1038858028511602,,76.37147364538733
11175,forage_random_baseline,0.0,0.0,,84.25088504432667
11176,forage_dynamic_simdrop,-0.19507131524366417,3.231114828918406,,79.3428446086532
11176,forage_random_baseline,0.0,0.0,,84.25088504432667
11183,forage_dynamic_simdrop,11.771237727080097,1.9141213252063816,,67.72717267945085
11183,forage_random_baseline,0.0,0.0,,84.25088504432667
11189,forage_dynamic_simdrop,10.022605784694422,0.7595264144786411,,52.908771398040614
11189,forage_random_baseline,0.0,0.0,,61.27337094132848
11211,forage_dynamic_simdrop,8.08843841503313,1.2382305947675674,,173.6228207710963
11211,forage_random_baseline,0.0,0.0,,191.47928419165152
11216,forage_dynamic_simdrop,12.345916023848105,-0.18642973603174473,,55.674290362228305
11216,forage_random_baseline,0.0,0.0,,68.93254230899454
11217,forage_dynamic_simdrop,4.70792715353459,3.252347593863569,,70.02455445412056
11217,forage_random_baseline,0.0,0.0,,76.5917136766606
11221,forage_dynamic_simdrop,7.957160463406092,2.0048465752375644,,137.67180954235363
11221,forage_random_baseline,0.0,0.0,,153.1834273533212
11226,forage_dynamic_simdrop,7.3308675005460815,2.4145181126374866,,70.08295891051336
11226,forage_random_baseline,0.0,0.0,,76.5917136766606
11249,forage_dynamic_simdrop,9.124375047430473,2.316957945370148,,80.07102648725647
11249,forage_random_baseline,0.0,0.0,,91.91005641199273
11259,forage_dynamic_simdrop,8.26414785716084,1.0751703653031546,,90.05914009393453
11259,forage_random_baseline,0.0,0.0,,99.56922777965879
11278,forage_dynamic_simdrop,7.317746733208764,2.6947841710998963,,134.4865007729789
11278,forage_random_baseline,0.0,0.0,,153.1834273533212
11302,forage_dynamic_simdrop,9.948543277123802,2.3815512366206764,,75.02006360236952
11302,forage_random_baseline,0.0,0.0,,91.91005641199273
11304,forage_dynamic_simdrop,9.075803246188318,2.2065872926692434,,113.37807058489577
11304,forage_random_baseline,0.0,0.0,,130.20591325032302
11306,forage_dynamic_simdrop,10.585220192859913,2.8679001065449876,,61.33283401430539
11306,forage_random_baseline,0.0,0.0,,76.5917136766606
11309,forage_dynamic_simdrop,12.810744009878231,2.302159078192035,,81.28006003922074
11309,forage_random_baseline,0.0,0.0,,107.22839914732485
11365,forage_dynamic_simdrop,-0.14980201054505318,0.36511820107367193,,129.3458041019316
11365,forage_random_baseline,0.0,0.0,,130.20591325032302
11390,forage_dynamic_simdrop,10.332995712439338,0.9800499697515473,,90.10809649905924
11390,forage_random_baseline,0.0,0.0,,107.22839914732485
11400,forage_dynamic_simdrop,6.921939154354128,0.3468341917648053,,57.271318007448
11400,forage_random_baseline,0.0,0.0,,61.27337094132848
11404,forage_dynamic_simdrop,10.59801341239545,1.4151105057712734,,115.53443951827711
11404,forage_random_baseline,0.0,0.0,,137.86508461798908
11411,forage_dynamic_simdrop,6.813741764607701,2.8929855288909883,,69.039412575732
11411,forage_random_baseline,0.0,0.0,,76.5917136766606
11414,forage_dynamic_simdrop,6.078918121173571,3.1490178434598173,,41.1969839062415
11414,forage_random_baseline,0.0,0.0,,45.955028205996356
11417,forage_dynamic_simdrop,10.476679394939223,2.137956129821181,,102.51603669942097
11417,forage_random_baseline,0.0,0.0,,122.54674188265697
11423,forage_dynamic_simdrop,-0.19680229421611123,2.9826674508862774,,78.44270592677282
11423,forage_random_baseline,0.0,0.0,,84.25088504432667
11424,forage_dynamic_simdrop,11.26940850443752,1.617772938605891,,94.82037879031282
11424,forage_random_baseline,0.0,0.0,,114.88757051499091
11490,forage_dynamic_simdrop,11.848030324575634,1.834504331633767,,54.83318540982248
11490,forage_random_baseline,0.0,0.0,,68.93254230899454
11491,forage_dynamic_simdrop,6.7328055608076625,4.497583995075984,,48.51683719071667
11491,forage_random_baseline,0.0,0.0,,61.27337094132848
11493,forage_dynamic_simdrop,8.967844968068711,1.637255853290597,,84.74336398272769
11493,forage_random_baseline,0.0,0.0,,99.56922777965879
11497,forage_dynamic_simdrop,8.821208103438721,2.1289706640666055,,100.80205289585213
11497,forage_random_baseline,0.0,0.0,,114.88757051499091
11498,forage_dynamic_simdrop,12.017568673958266,2.4642349707256646,,95.4854416239147
11498,forage_random_baseline,0.0,0.0,,122.54674188265697
11500,forage_dynamic_simdrop,12.329183707418638,-0.3907409582908997,,123.21338310316035
11500,forage_random_baseline,0.0,0.0,,153.1834273533212
11504,forage_dynamic_simdrop,12.59300010784587,2.5169062008668734,,64.23877118776456
11504,forage_random_baseline,0.0,0.0,,84.25088504432667
11510,forage_dynamic_simdrop,7.5762639502983316,1.9876529268278897,,132.2701845966167
11510,forage_random_baseline,0.0,0.0,,145.52425598565515
11515,forage_dynamic_simdrop,11.539051934454998,3.3935593062611265,,64.16635736705241
11515,forage_random_baseline,0.0,0.0,,84.25088504432667
11517,forage_dynamic_simdrop,10.026318399649808,-0.45287056094396716,,84.66251676418463
11517,forage_random_baseline,0.0,0.0,,99.56922777965879
11525,forage_dynamic_simdrop,12.052017682540612,2.0739330454611804,,45.08153404203933
11525,forage_random_baseline,0.0,0.0,,61.27337094132848
11530,forage_dynamic_simdrop,11.591189387851237,2.3087705503645544,,102.19441472131273
11530,forage_random_baseline,0.0,0.0,,130.20591325032302
11532,forage_dynamic_simdrop,8.506515731047664,1.064658534201522,,117.0073772326605
11532,forage_random_baseline,0.0,0.0,,130.20591325032302
11533,forage_dynamic_simdrop,9.331330144094407,2.1505328610773313,,98.4929687871908
11533,forage_random_baseline,0.0,0.0,,114.88757051499091
11537,forage_dynamic_simdrop,9.850297221939577,2.2483202692018,,56.87367601951841
11537,forage_random_baseline,0.0,0.0,,68.93254230899454
11538,forage_dynamic_simdrop,7.305729969308798,0.5247834884012398,,35.57197228090356
11538,forage_random_baseline,0.0,0.0,,38.295856838330295
11541,forage_dynamic_simdrop,8.814197997247437,1.9112819197197486,,122.1097300805145
11541,forage_random_baseline,0.0,0.0,,137.86508461798908
11542,forage_dynamic_simdrop,10.426130651248348,2.7132051571556635,,113.35698470374943
11542,forage_random_baseline,0.0,0.0,,145.52425598565515
11543,forage_dynamic_simdrop,8.747721593133454,2.393150709817123,,64.86011654159367
11543,forage_random_baseline,0.0,0.0,,76.5917136766606
11544,forage_dynamic_simdrop,6.751786804673447,3.6308957134573667,,57.89092164980008
11544,forage_random_baseline,0.0,0.0,,68.93254230899454
11549,forage_dynamic_simdrop,14.235321681800205,0.19828827777962924,,45.90817721090509
11549,forage_random_baseline,0.0,0.0,,61.27337094132848
11552,forage_dynamic_simdrop,10.07453969800626,2.495335260643765,,83.44558573521553
11552,forage_random_baseline,0.0,0.0,,99.56922777965879
11553,forage_dynamic_simdrop,10.497247543387989,2.120125612438495,,69.86583774491608
11553,forage_random_baseline,0.0,0.0,,84.25088504432667
11599,forage_dynamic_simdrop,8.961990906397808,1.042879756092553,,93.54454153744534
11599,forage_random_baseline,0.0,0.0,,107.22839914732485
11600,forage_dynamic_simdrop,9.38606140368169,2.5457672127897597,,78.47628003609647
11600,forage_random_baseline,0.0,0.0,,91.91005641199273
11635,forage_dynamic_simdrop,9.78189543947108,1.7142588495514475,,91.98583257253318
11635,forage_random_baseline,0.0,0.0,,107.22839914732485
11640,forage_dynamic_simdrop,12.809965679335345,0.3707292883574112,,83.95775637862162
11640,forage_random_baseline,0.0,0.0,,107.22839914732485
11692,forage_dynamic_simdrop,6.354969884347165,1.8859162075176679,,92.50933491081106
11692,forage_random_baseline,0.0,0.0,,99.56922777965879
11796,forage_dynamic_simdrop,10.759906240596049,2.5610500439592214,,79.49964380167657
11796,forage_random_baseline,0.0,0.0,,99.56922777965879
11818,forage_dynamic_simdrop,10.696458559628725,2.8031684402478825,,63.85830344422748
11818,forage_random_baseline,0.0,0.0,,84.25088504432667
11819,forage_dynamic_simdrop,6.050438095640435,2.8523790284603163,,75.72623045281998
11819,forage_random_baseline,0.0,0.0,,84.25088504432667
11822,forage_dynamic_simdrop,6.4909408778492965,0.3126702343176007,,79.4974783637277
11822,forage_random_baseline,0.0,0.0,,84.25088504432667
11824,forage_dynamic_simdrop,11.830872721844349,1.268382105988387,,98.62313692082691
11824,forage_random_baseline,0.0,0.0,,122.54674188265697
11825,forage_dynamic_simdrop,11.600183583842393,2.237348533192293,,36.81423691972286
11825,forage_random_baseline,0.0,0.0,,45.955028205996356
11826,forage_dynamic_simdrop,11.970174436307738,1.9340160310506371,,76.12139710294419
11826,forage_random_baseline,0.0,0.0,,99.56922777965879
11827,forage_dynamic_simdrop,13.707095218424733,3.4043156256484,,63.06796950499996
11827,forage_random_baseline,0.0,0.0,,91.91005641199273
11830,forage_dynamic_simdrop,10.846566410890908,0.07763353329471344,,58.32041161529404
11830,forage_random_baseline,0.0,0.0,,68.93254230899454
11831,forage_dynamic_simdrop,10.352125952858755,1.2321875493327117,,58.645477558289684
11831,forage_random_baseline,0.0,0.0,,68.93254230899454
11837,forage_dynamic_simdrop,11.008657666098758,3.0886931184672086,,65.48789482168961
11837,forage_random_baseline,0.0,0.0,,84.25088504432667
11839,forage_dynamic_simdrop,6.283177458497424,1.982068892791952,,68.65957539619042
11839,forage_random_baseline,0.0,0.0,,76.5917136766606
11843,forage_dynamic_simdrop,-0.1932818915224965,1.6225789665877903,,82.09767036063585
11843,forage_random_baseline,0.0,0.0,,84.25088504432667
12100,forage_dynamic_simdrop,8.84074455310707,1.0615413450892164,,102.05083153961681
12100,forage_random_baseline,0.0,0.0,,114.88757051499091
12104,forage_dynamic_simdrop,10.630706403145123,-0.12429771240142096,,71.90540937700656
12104,forage_random_baseline,0.0,0.0,,84.25088504432667
12105,forage_dynamic_simdrop,6.7403093286598885,0.33055993868138084,,93.56467828659805
12105,forage_random_baseline,0.0,0.0,,99.56922777965879
12107,forage_dynamic_simdrop,9.887840647598125,1.1238261321590197,,65.44766573518054
12107,forage_random_baseline,0.0,0.0,,76.5917136766606
12133,forage_dynamic_simdrop,8.870102367682536,2.3103723224982,,119.61364507665377
12133,forage_random_baseline,0.0,0.0,,137.86508461798908
12135,forage_dynamic_simdrop,9.673783404603627,0.9583483187729207,,113.34364892490362
12135,forage_random_baseline,0.0,0.0,,130.20591325032302
12136,forage_dynamic_simdrop,8.94717670230453,2.100631465330433,,106.1996029483909
12136,forage_random_baseline,0.0,0.0,,122.54674188265697
12159,forage_dynamic_simdrop,10.630560080870321,2.1774441873395776,,99.03414807653431
12159,forage_random_baseline,0.0,0.0,,122.54674188265697
12160,forage_dynamic_simdrop,9.305993293405162,2.6160053076455525,,58.400882478738616
12160,forage_random_baseline,0.0,0.0,,68.93254230899454
12161,forage_dynamic_simdrop,10.032190352675896,3.1467485438637866,,93.22299667455749
12161,forage_random_baseline,0.0,0.0,,114.88757051499091
12164,forage_dynamic_simdrop,12.13062604228304,1.2136725373686608,,114.52212987537655
12164,forage_random_baseline,0.0,0.0,,145.52425598565515
12165,forage_dynamic_simdrop,-0.10382008503867343,3.0332382995280223,,145.05829036837963
12165,forage_random_baseline,0.0,0.0,,153.1834273533212
12166,forage_dynamic_simdrop,6.767503107584242,2.331438205112511,,125.83264599848289
12166,forage_random_baseline,0.0,0.0,,137.86508461798908
12191,forage_dynamic_simdrop,10.744701937594227,2.3434371469992317,,73.56042762737866
12191,forage_random_baseline,0.0,0.0,,91.91005641199273
12203,forage_dynamic_simdrop,13.554952363161897,0.9901513998482219,,50.81848458380508
12203,forage_random_baseline,0.0,0.0,,68.93254230899454
12252,forage_dynamic_simdrop,7.582529979436092,2.5204069831980043,,65.65450878963266
12252,forage_random_baseline,0.0,0.0,,76.5917136766606
12263,forage_dynamic_simdrop,11.570966293689304,2.3320025226939443,,79.24560897414754
12263,forage_random_baseline,0.0,0.0,,99.56922777965879
12280,forage_dynamic_simdrop,10.63246073771779,-0.23193090856447773,,52.242322298654834
12280,forage_random_baseline,0.0,0.0,,61.27337094132848
12287,forage_dynamic_simdrop,8.23587737446507,2.841749005928489,,73.11275430306402
12287,forage_random_baseline,0.0,0.0,,84.25088504432667
12288,forage_dynamic_simdrop,8.262725301269287,1.3373022131537535,,101.41081352665765
12288,forage_random_baseline,0.0,0.0,,114.88757051499091
12289,forage_dynamic_simdrop,8.056429691429628,3.364205627053186,,57.10561632872123
12289,forage_random_baseline,0.0,0.0,,68.93254230899454
12291,forage_dynamic_simdrop,-0.20592986008107236,0.2622169278608639,,75.41747510821655
12291,forage_random_baseline,0.0,0.0,,76.5917136766606
12293,forage_dynamic_simdrop,10.689461863130104,2.4188642058947805,,79.4753154009268
12293,forage_random_baseline,0.0,0.0,,99.56922777965879
12295,forage_dynamic_simdrop,7.115059926328205,1.8801379088049253,,83.26318806361633
12295,forage_random_baseline,0.0,0.0,,91.91005641199273
12296,forage_dynamic_simdrop,4.067884879594163,1.6560758890815959,,154.54383127220115
12296,forage_random_baseline,0.0,0.0,,160.84259872098727
12301,forage_dynamic_simdrop,12.577455642976345,0.6322036267852559,,48.8685720300495
12301,forage_random_baseline,0.0,0.0,,61.27337094132848
12312,forage_dynamic_simdrop,5.920408528487311,3.98043747950387,,57.184809277787124
12312,forage_random_baseline,0.0,0.0,,68.93254230899454
12318,forage_dynamic_simdrop,10.822499951124978,4.004570852576618,,50.48719109519744
12318,forage_random_baseline,0.0,0.0,,68.93254230899454
12321,forage_dynamic_simdrop,4.318735913714761,1.1050581402309425,,163.23994943458675
12321,forage_random_baseline,0.0,0.0,,168.50177008865333
12322,forage_dynamic_simdrop,3.738266188134917,0.5352583339930347,,112.61694207153978
12322,forage_random_baseline,0.0,0.0,,114.88757051499091
12323,forage_dynamic_simdrop,7.981543368879698,2.127149994051073,,81.44387526948279
12323,forage_random_baseline,0.0,0.0,,91.91005641199273
12324,forage_dynamic_simdrop,5.975622534009676,3.081799465314298,,111.719725707212
12324,forage_random_baseline,0.0,0.0,,122.54674188265697
12326,forage_dynamic_simdrop,10.821050989476515,1.300732612896528,,76.90127566942826
12326,forage_random_baseline,0.0,0.0,,91.91005641199273
12327,forage_dynamic_simdrop,5.9908982080758095,1.640935907231109,,142.50248723679454
12327,forage_random_baseline,0.0,0.0,,153.1834273533212
12348,forage_dynamic_simdrop,8.089731970504987,0.4042114899147835,,76.86682466740812
12348,forage_random_baseline,0.0,0.0,,84.25088504432667
12350,forage_dynamic_simdrop,6.04700239206363,1.4923842348957264,,92.85896523442247
12350,forage_random_baseline,0.0,0.0,,99.56922777965879
12354,forage_dynamic_simdrop,8.794357316671842,0.5977024177590844,,89.05643577881693
12354,forage_random_baseline,0.0,0.0,,99.56922777965879
12356,forage_dynamic_simdrop,7.942903033905202,1.5801523443655414,,95.9180319315887
12356,forage_random_baseline,0.0,0.0,,107.22839914732485
12357,forage_dynamic_simdrop,8.25368226948566,2.886455876351547,,146.7425937579416
12357,forage_random_baseline,0.0,0.0,,168.50177008865333
12358,forage_dynamic_simdrop,8.932516050722501,1.7619237505004923,,87.40759380313521
12358,forage_random_baseline,0.0,0.0,,99.56922777965879
12367,forage_dynamic_simdrop,10.645519481546888,0.5683247486406896,,84.03622542749774
12367,forage_random_baseline,0.0,0.0,,99.56922777965879
12369,forage_dynamic_simdrop,6.147905502888051,0.8963435606539017,,78.30726184246497
12369,forage_random_baseline,0.0,0.0,,84.25088504432667
12389,forage_dynamic_simdrop,13.820183443589952,2.2339163638455912,,67.0871211139962
12389,forage_random_baseline,0.0,0.0,,91.91005641199273
12559,forage_dynamic_simdrop,9.834073810287306,2.436206556503444,,64.32253164183184
12559,forage_random_baseline,0.0,0.0,,76.5917136766606
12560,forage_dynamic_simdrop,5.426836728806525,1.36397394885818,,94.28010758607952
12560,forage_random_baseline,0.0,0.0,,99.56922777965879
12561,forage_dynamic_simdrop,11.418456655148926,-0.4088345503347146,,95.23226751924003
12561,forage_random_baseline,0.0,0.0,,114.88757051499091
12562,forage_dynamic_simdrop,-0.24690743853716549,1.5059064313907193,,102.39158404617781
12562,forage_random_baseline,0.0,0.0,,107.22839914732485
12564,forage_dynamic_simdrop,2.4591454312576917,2.383576442918998,,66.05637328784171
12564,forage_random_baseline,0.0,0.0,,68.93254230899454
12565,forage_dynamic_simdrop,13.298728975347773,2.173832497691303,,51.560575018106086
12565,forage_random_baseline,0.0,0.0,,68.93254230899454
12566,forage_dynamic_simdrop,9.737189206122673,1.9420126576079775,,116.7427012889918
12566,forage_random_baseline,0.0,0.0,,137.86508461798908
12567,forage_dynamic_simdrop,14.524477411083822,1.2506240123757477,,66.7218319540432
12567,forage_random_baseline,0.0,0.0,,91.91005641199273
12568,forage_dynamic_simdrop,8.922104929474333,2.300770945962037,,98.69837086850512
12568,forage_random_baseline,0.0,0.0,,114.88757051499091
12569,forage_dynamic_simdrop,7.120132163362564,1.2362487383516216,,113.09156463261439
12569,forage_random_baseline,0.0,0.0,,122.54674188265697
12570,forage_dynamic_simdrop,6.532902678732087,3.447940240181975,,66.9787068886956
12570,forage_random_baseline,0.0,0.0,,76.5917136766606
12571,forage_dynamic_simdrop,5.790995595718086,0.06733110665095321,,117.08833824419457
12571,forage_random_baseline,0.0,0.0,,122.54674188265697
12573,forage_dynamic_simdrop,10.671787672690902,0.9530587193068155,,115.68946900848067
12573,forage_random_baseline,0.0,0.0,,137.86508461798908
12574,forage_dynamic_simdrop,9.905691813249781,1.7115495492902546,,51.86145542980776
12574,forage_random_baseline,0.0,0.0,,61.27337094132848
12575,forage_dynamic_simdrop,7.924062615557331,2.935925272666987,,73.57861923469979
12575,forage_random_baseline,0.0,0.0,,84.25088504432667
12576,forage_dynamic_simdrop,11.606341593006771,1.9627280617231186,,91.87801110884274
12576,forage_random_baseline,0.0,0.0,,114.88757051499091
12577,forage_dynamic_simdrop,8.488408230780314,2.958777217203893,,92.15726570657641
12577,forage_random_baseline,0.0,0.0,,107.22839914732485
12578,forage_dynamic_simdrop,8.359770733572287,1.6889857343085335,,88.1917275797074
12578,forage_random_baseline,0.0,0.0,,99.56922777965879
12579,forage_dynamic_simdrop,11.962054986476167,0.0653865117160123,,62.51481653640816
12579,forage_random_baseline,0.0,0.0,,76.5917136766606
12580,forage_dynamic_simdrop,10.867841574478852,1.2759831967646293,,107.56812988218823
12580,forage_random_baseline,0.0,0.0,,130.20591325032302
12581,forage_dynamic_simdrop,9.252256500319952,2.392645784954837,,77.9736740363009
12581,forage_random_baseline,0.0,0.0,,91.91005641199273
12582,forage_dynamic_simdrop,10.117126110037447,0.5836847720869653,,85.51634110279545
12582,forage_random_baseline,0.0,0.0,,99.56922777965879
12583,forage_dynamic_simdrop,9.170089594204478,2.407698748246654,,38.97287298961491
12583,forage_random_baseline,0.0,0.0,,45.955028205996356
12591,forage_dynamic_simdrop,10.89110776252101,0.739940672794304,,88.60286363844342
12591,forage_random_baseline,0.0,0.0,,107.22839914732485
12592,forage_dynamic_simdrop,9.02079665766164,1.5761022424800553,,67.15325706879447
12592,forage_random_baseline,0.0,0.0,,76.5917136766606
12594,forage_dynamic_simdrop,6.066080701012144,2.6307568770475798,,77.7260193865833
12594,forage_random_baseline,0.0,0.0,,84.25088504432667
12597,forage_dynamic_simdrop,8.204101220807408,0.9997004426311493,,117.01159162044407
12597,forage_random_baseline,0.0,0.0,,130.20591325032302
12602,forage_dynamic_simdrop,10.197017237595835,2.4686849487665707,,117.39332606210468
12602,forage_random_baseline,0.0,0.0,,145.52425598565515
12615,forage_dynamic_simdrop,8.912761513707114,1.6706005044592316,,58.616333837304566
12615,forage_random_baseline,0.0,0.0,,68.93254230899454
12621,forage_dynamic_simdrop,11.597546473021138,1.0233547774232579,,80.38695201533737
12621,forage_random_baseline,0.0,0.0,,99.56922777965879
12622,forage_dynamic_simdrop,12.159591583143875,2.4271511084876454,,60.77467791265836
12622,forage_random_baseline,0.0,0.0,,76.5917136766606
12628,forage_dynamic_simdrop,6.2035117890443034,2.6953992732214265,,146.98899605333412
12628,forage_random_baseline,0.0,0.0,,160.84259872098727
12727,forage_dynamic_simdrop,3.0646773284062476,2.0571560298554874,,176.6038223715588
12727,forage_random_baseline,0.0,0.0,,183.82011282398545
12728,forage_dynamic_simdrop,7.410816229856796,1.1352827722583134,,155.26411188804508
12728,forage_random_baseline,0.0,0.0,,168.50177008865333
12729,forage_dynamic_simdrop,-0.2467253160551342,2.7771428597163488,,98.43492487444956
12729,forage_random_baseline,0.0,0.0,,107.22839914732485
12749,forage_dynamic_simdrop,8.494737973657257,1.985994169231587,,176.66475869913145
12749,forage_random_baseline,0.0,0.0,,199.13845555931758
12752,forage_dynamic_simdrop,-0.16696917382470647,2.025797324418856,,96.13306607181224
12752,forage_random_baseline,0.0,0.0,,99.56922777965879
12756,forage_dynamic_simdrop,8.061205963298642,1.4730038579042748,,103.3970853336125
12756,forage_random_baseline,0.0,0.0,,114.88757051499091
12758,forage_dynamic_simdrop,8.568590737818425,2.2231055616290343,,86.45310190050164
12758,forage_random_baseline,0.0,0.0,,99.56922777965879
12759,forage_dynamic_simdrop,7.292836658670961,-0.10989357796565191,,64.00792916442643
12759,forage_random_baseline,0.0,0.0,,68.93254230899454
12770,forage_dynamic_simdrop,12.141355662777785,1.760950981949708,,97.29933015732182
12770,forage_random_baseline,0.0,0.0,,122.54674188265697
12771,forage_dynamic_simdrop,8.146561495812133,2.1993665344454443,,141.95806786350832
12771,forage_random_baseline,0.0,0.0,,160.84259872098727
12774,forage_dynamic_simdrop,10.094062718533145,0.9794710543094238,,92.63119798500827
12774,forage_random_baseline,0.0,0.0,,107.22839914732485
12777,forage_dynamic_simdrop,10.241925209669205,2.5818869064272936,,37.7357243046417
12777,forage_random_baseline,0.0,0.0,,45.955028205996356
12780,forage_dynamic_simdrop,12.17496874954525,1.8585342050715212,,126.6791828147994
12780,forage_random_baseline,0.0,0.0,,160.84259872098727
13102,forage_dynamic_simdrop,13.261818238529598,2.4665850453361826,,104.19063198035471
13102,forage_random_baseline,0.0,0.0,,145.52425598565515
13108,forage_dynamic_simdrop,-0.19341724979948413,1.5308064152291012,,156.0828275786675
13108,forage_random_baseline,0.0,0.0,,160.84259872098727
13157,forage_dynamic_simdrop,3.948712503132678,2.308405140863226,,138.43330188995185
13157,forage_random_baseline,0.0,0.0,,145.52425598565515
13167,forage_dynamic_simdrop,-0.12164889370919155,1.390305906436859,,150.85090001474668
13167,forage_random_baseline,0.0,0.0,,153.1834273533212
13179,forage_dynamic_simdrop,10.282316307345246,2.4008519122940006,,101.18386756019204
13179,forage_random_baseline,0.0,0.0,,122.54674188265697
13215,forage_dynamic_simdrop,10.196220584184292,1.2454057568687722,,91.67769759768628
13215,forage_random_baseline,0.0,0.0,,107.22839914732485
13220,forage_dynamic_simdrop,7.452900110259302,2.4497499708289965,,156.93680841345918
13220,forage_random_baseline,0.0,0.0,,176.1609414563194
13230,forage_dynamic_simdrop,8.882956231847471,2.439938387105131,,108.32667824560649
13230,forage_random_baseline,0.0,0.0,,130.20591325032302
13234,forage_dynamic_simdrop,5.699087030259556,1.7581575056750651,,179.9457857379254
13234,forage_random_baseline,0.0,0.0,,191.47928419165152
13236,forage_dynamic_simdrop,8.639128542894467,1.2519172800319502,,102.79340319061095
13236,forage_random_baseline,0.0,0.0,,114.88757051499091
13273,forage_dynamic_simdrop,15.834847250752878,0.5324367889858413,,62.990532484479274
13273,forage_random_baseline,0.0,0.0,,91.91005641199273
13274,forage_dynamic_simdrop,9.935701949907749,2.7705822732829573,,93.66837867176548
13274,forage_random_baseline,0.0,0.0,,114.88757051499091
13282,forage_dynamic_simdrop,12.512575259401999,0.1859887887321936,,48.99267626168164
13282,forage_random_baseline,0.0,0.0,,61.27337094132848
13428,forage_dynamic_simdrop,8.076449332304785,1.0392144162703933,,48.59844389885721
13428,forage_random_baseline,0.0,0.0,,53.61419957366242
13441,forage_dynamic_simdrop,7.845887633825957,1.6883930878814444,,61.40945991485543
13441,forage_random_baseline,0.0,0.0,,68.93254230899454
13442,forage_dynamic_simdrop,6.105962871323883,0.8414071195963886,,86.94803454988099
13442,forage_random_baseline,0.0,0.0,,91.91005641199273
13447,forage_dynamic_simdrop,12.595654306289429,-0.16857832466774397,,43.02359523797586
13447,forage_random_baseline,0.0,0.0,,53.61419957366242
13452,forage_dynamic_simdrop,9.93456214980298,2.6383045526250277,,90.1959391579622
13452,forage_random_baseline,0.0,0.0,,107.22839914732485
13455,forage_dynamic_simdrop,-0.1449068897677743,1.905520961333686,,119.14432820055512
13455,forage_random_baseline,0.0,0.0,,122.54674188265697
13457,forage_dynamic_simdrop,8.47896009861991,2.7676305294857317,,52.57344398481119
13457,forage_random_baseline,0.0,0.0,,61.27337094132848
13460,forage_dynamic_simdrop,16.576216712828487,0.047720453107541055,,30.608047762425496
13460,forage_random_baseline,0.0,0.0,,45.955028205996356
13477,forage_dynamic_simdrop,11.697495674577068,2.39777040741616,,70.20563213137166
13477,forage_random_baseline,0.0,0.0,,91.91005641199273
13479,forage_dynamic_simdrop,11.817652027001674,0.29883166987110527,,88.33268815480326
13479,forage_random_baseline,0.0,0.0,,107.22839914732485
13480,forage_dynamic_simdrop,0.20027831718519554,1.7779442090195365,,82.99688637636052
13480,forage_random_baseline,0.0,0.0,,84.25088504432667
13481,forage_dynamic_simdrop,9.85906304700371,2.2974209620446153,,89.65907169159044
13481,forage_random_baseline,0.0,0.0,,107.22839914732485
13482,forage_dynamic_simdrop,-0.10304408729501356,2.0789441013019667,,164.4260449526778
13482,forage_random_baseline,0.0,0.0,,168.50177008865333
13483,forage_dynamic_simdrop,9.437378380298297,0.39207874464189,,60.5010468591988
13483,forage_random_baseline,0.0,0.0,,68.93254230899454
13484,forage_dynamic_simdrop,4.656413004155264,2.338839507613446,,108.51109705881221
13484,forage_random_baseline,0.0,0.0,,114.88757051499091
13486,forage_dynamic_simdrop,14.09877742709852,2.3452435172305437,,52.90442465272265
13486,forage_random_baseline,0.0,0.0,,76.5917136766606
13487,forage_dynamic_simdrop,9.282834178170878,0.7299844329661691,,114.99316133877127
13487,forage_random_baseline,0.0,0.0,,130.20591325032302
13507,forage_dynamic_simdrop,10.48522054591632,2.66614984518507,,43.72932509141882
13507,forage_random_baseline,0.0,0.0,,53.61419957366242
13508,forage_dynamic_simdrop,13.684472599353441,3.7303790745179763,,15.023323508581477
13508,forage_random_baseline,0.0,0.0,,22.977514102998175
13558,forage_dynamic_simdrop,13.179061042074707,2.3763436775389213,,56.72115664297391
13558,forage_random_baseline,0.0,0.0,,76.5917136766606
13584,forage_dynamic_simdrop,9.951473174948683,0.5018328409693561,,59.55822236454701
13584,forage_random_baseline,0.0,0.0,,68.93254230899454
13605,forage_dynamic_simdrop,13.659514259462483,-0.016378058406717057,,41.06660656933427
13605,forage_random_baseline,0.0,0.0,,53.61419957366242
13609,forage_dynamic_simdrop,9.605582499306992,1.4878095847391932,,80.05983767712225
13609,forage_random_baseline,0.0,0.0,,91.91005641199273
13618,forage_dynamic_simdrop,8.681730523775073,1.668563398980135,,68.08285784367382
13618,forage_random_baseline,0.0,0.0,,76.5917136766606
13619,forage_dynamic_simdrop,7.296188485568244,1.3510223993222068,,105.27992169900664
13619,forage_random_baseline,0.0,0.0,,114.88757051499091
13623,forage_dynamic_simdrop,6.641158697620289,2.6450060560027318,,104.05623685543627
13623,forage_random_baseline,0.0,0.0,,114.88757051499091
13632,forage_dynamic_simdrop,6.993468305814883,2.3161017861015596,,130.90453573671613
13632,forage_random_baseline,0.0,0.0,,145.52425598565515
13633,forage_dynamic_simdrop,13.7618946658889,1.8379186612012914,,26.75022578312676
13633,forage_random_baseline,0.0,0.0,,38.295856838330295
13641,forage_dynamic_simdrop,7.740891777593281,2.2604535621829314,,123.97752825168766
13641,forage_random_baseline,0.0,0.0,,137.86508461798908
13642,forage_dynamic_simdrop,14.02858551075724,0.6905965398287994,,62.154969546734925
13642,forage_random_baseline,0.0,0.0,,84.25088504432667
13647,forage_dynamic_simdrop,7.759874229844019,1.5947339972597427,,116.5825169937863
13647,forage_random_baseline,0.0,0.0,,130.20591325032302
13649,forage_dynamic_simdrop,9.58479785699209,0.31545386823895843,,73.92272054184289
13649,forage_random_baseline,0.0,0.0,,84.25088504432667
13657,forage_dynamic_simdrop,9.967092686385378,2.024779330655526,,77.72475758596897
13657,forage_random_baseline,0.0,0.0,,91.91005641199273
13659,forage_dynamic_simdrop,10.156835739958545,1.9200279698847105,,89.36026990283555
13659,forage_random_baseline,0.0,0.0,,107.22839914732485
13681,forage_dynamic_simdrop,6.988499367951682,1.8849772396806244,,126.87316994037462
13681,forage_random_baseline,0.0,0.0,,137.86508461798908
13683,forage_dynamic_simdrop,9.911687112121342,1.4693916376216272,,59.23431776654362
13683,forage_random_baseline,0.0,0.0,,68.93254230899454
13684,forage_dynamic_simdrop,12.67405518296448,0.7446488344482404,,36.35433184173708
13684,forage_random_baseline,0.0,0.0,,45.955028205996356
13696,forage_dynamic_simdrop,10.446549773829126,1.0381344595973891,,71.70447760549348
13696,forage_random_baseline,0.0,0.0,,84.25088504432667
13697,forage_dynamic_simdrop,11.495985559646874,0.4970904504847605,,81.93282219482035
13697,forage_random_baseline,0.0,0.0,,99.56922777965879
13704,forage_dynamic_simdrop,8.537388605961208,1.3761615470627886,,81.98544860288233
13704,forage_random_baseline,0.0,0.0,,91.91005641199273
13711,forage_dynamic_simdrop,8.847168619866945,2.281261070545363,,81.08169653877506
13711,forage_random_baseline,0.0,0.0,,91.91005641199273
13740,forage_dynamic_simdrop,12.097813146764656,0.5958083162037003,,67.83501884851754
13740,forage_random_baseline,0.0,0.0,,84.25088504432667
13742,forage_dynamic_simdrop,7.849600463029743,1.6017144866077164,,68.769892426185
13742,forage_random_baseline,0.0,0.0,,76.5917136766606
13745,forage_dynamic_simdrop,7.202764429079996,1.4686373823069159,,77.73973377098673
13745,forage_random_baseline,0.0,0.0,,84.25088504432667
13747,forage_dynamic_simdrop,10.373071436565027,2.70637403179191,,94.28846678759484
13747,forage_random_baseline,0.0,0.0,,114.88757051499091
13786,forage_dynamic_simdrop,10.825988396965828,2.351424092855345,,56.51530214120987
13786,forage_random_baseline,0.0,0.0,,68.93254230899454
13807,forage_dynamic_simdrop,8.471956206742735,1.1432559502413138,,54.397531764223224
13807,forage_random_baseline,0.0,0.0,,61.27337094132848
