and,9.926774682044018,8448404166.0
being,8.324012695244333,210868979.0
carrot,5.910082532706829,812985.0
certify,5.8569305881242455,719334.0
chesterfield,5.652057686617788,448805.0
circumvent,5.6536793705978585,450484.0
circus,6.281662978710265,1912771.0
fish,7.344814257867427,22121484.0
is,9.483213845722629,3042382720.0
market,7.669130754336801,46679990.0
sabbath,6.544498774891905,3503473.0
sabbatical,5.376135138847738,237758.0
saber,5.5527922825269505,357102.0
sable,5.823362054548198,665828.0
sabot,4.523772471690582,33402.0
sabotage,5.868874747326281,739392.0
sabre,5.536754083512403,344155.0
sac,6.300365668707077,1996943.0
sac religious,0.0001,1.0
saccharide,4.380970592816343,24042.0
sachet,4.640063836529813,43658.0
sachs,5.874795973217904,749542.0
sack,6.315970345456917,2070000.0
sacks,6.0109475224123186,1025528.0
sacrament,6.216336946304017,1645648.0
sacraments,6.042529836275944,1102884.0
sacred,7.103845677931477,12701227.0
sacrifice,6.989600771058035,9763393.0
sacrificed,6.339857123317973,2187042.0
sacrifices,6.4722900269540355,2966812.0
sacrificial,5.980790300136975,956732.0
sacrificing,6.021161999701658,1049934.0
sacrilege,5.52329112918679,333650.0
sacrilegious,5.319343450393124,208614.0
sacristy,5.250917448064666,178204.0
sacrosanct,5.157547425577808,143730.0
sacrum,5.598685475750635,396904.0
sad,6.969575993988795,9323436.0
saddened,5.620788568471112,417627.0
saddle,6.578891806504196,3792205.0
sadist,4.86965993418935,74073.0
sadistic,5.586386987968813,385822.0
sadly,6.418413497191576,2620677.0
sadness,6.399295495698327,2507815.0
safe,7.2472045476817,17668698.0
safeguard,6.125738513044343,1335791.0
safeguards,5.99063627572649,978670.0
safely,6.719317777231513,5239837.0
safer,6.2884895640879535,1943075.0
safest,5.8498031678926505,707625.0
safety,7.280813413027157,19090329.0
saffron,5.66307399624744,460335.0
safire,4.74345488650729,55393.0
sag,5.7612894524752685,577151.0
saga,5.959923878718286,911851.0
sage,6.601190097450304,3991996.0
sages,6.010950910269407,1025536.0
sagittarius,5.313976834268267,206052.0
said,8.545716303723442,351330864.0
said),0.0001,1.0
sail,6.713868139492907,5174497.0
sailboat,5.356069858369681,227023.0
sailed,6.589274860378647,3883961.0
sailing,6.535857451042689,3434452.0
sailor,6.374930454960817,2370994.0
sailors,6.4784064552854606,3008891.0
sails,6.310947019106609,2046195.0
saint,7.059267375814565,11462184.0
saints,6.756684630908022,5710638.0
saith,6.2532337815335675,1791570.0
sake,7.04097805191046,10989503.0
salacious,4.858206237748923,72145.0
salad,6.493777206364505,3117290.0
salads,5.821096720174443,662364.0
salamander,5.4102709642521845,257200.0
salaries,6.54759787586059,3528563.0
salary,6.787136084909654,6125423.0
sale,7.2376814439569275,17285480.0
sales,7.364585381110827,23151833.0
salesman,6.260242924286859,1820719.0
salesmen,6.001850057000272,1004269.0
salient,6.157480340890147,1437078.0
saline,6.236709534407591,1724684.0
salisbury,6.211086084793943,1625871.0
saliva,6.041905639223649,1101300.0
salivary,5.925308996753597,841994.0
salivate,4.586609806393576,38602.0
sallow,5.486565068032656,306595.0
sally,6.576639724344567,3772591.0
sallyforth,0.0001,1.0
salm,4.86410151204742,73131.0
salmon,6.535997664047996,3435561.0
salmonella,5.67909887116531,477638.0
salon,6.141003647766606,1383578.0
saloon,6.175173349291472,1496833.0
salsa,5.596000768409117,394458.0
salt,7.265878259291226,18444983.0
salted,5.822542692962544,664573.0
salting,5.213573534356979,163521.0
salts,6.623942780357335,4206712.0
salty,5.760931877395889,576676.0
salutary,5.894368684465429,784095.0
salutation,5.724347972887489,530088.0
salute,6.153265629922247,1423199.0
saluted,5.885029717806376,767414.0
salvage,6.066504452660298,1165479.0
salvation,6.8837850637492295,7652178.0
salver,4.873494982256169,74730.0
samara,5.036405303890792,108744.0
samba,5.389173174828805,245004.0
sambuca,4.053731315887608,11317.0
same,8.357035962133493,227528583.0
samosa,3.555578072772955,3594.0
sampan,4.675796665949183,47402.0
sample,7.3560712357258575,22702372.0
sampled,6.025574143598297,1060655.0
samples,6.977350225867432,9491836.0
sampling,6.722714769454396,5280983.0
samson,6.000549902818652,1001267.0
samurai,5.730346955844759,537461.0
sanctified,5.85934308222571,723341.0
sanctify,5.495506872828262,312973.0
sanctimonious,5.007034745260038,101633.0
sanction,6.378249052354975,2389181.0
sanctioned,6.1150457281635475,1303304.0
sanctions,6.363439731995965,2309084.0
sanctity,6.037224444246212,1089493.0
sanctuary,6.408817396506361,2563406.0
sand,7.111572392531399,12929222.0
sandal???(not,0.0001,1.0
sandals,5.858885936736787,722580.0
sandbag,4.696967640744023,49770.0
sandpaper,5.38250692426654,241272.0
sands,6.335524494090664,2165332.0
sandstorm,4.682758614199091,48168.0
sandwich,6.319168334964501,2085299.0
sandwiched,5.31216465758506,205194.0
sandwiches,6.08483534756065,1215725.0
sandy,6.6577691741541685,4547463.0
sane,6.103227813596749,1268317.0
sang,6.680052268320143,4786877.0
sangria,4.436782624993158,27339.0
sanguine,5.881139762069408,760571.0
sanitarium,5.3317227996679435,214646.0
sanitary,6.252901067601055,1790198.0
sanitate,3.7623033632877685,5785.0
sanitation,6.05520052479319,1135535.0
sanity,5.921260293770268,834181.0
sank,6.482326799945443,3036175.0
santa,6.963661249824752,9197319.0
santos,5.793634653123983,621777.0
sap,6.169404605778433,1477082.0
sapling,5.286591183437326,193460.0
sapper,4.805989928572589,63972.0
sapphire,5.711743134252285,514924.0
sappy,4.720440469750197,52534.0
sarcasm,5.882551858373555,763048.0
sarcastic,5.805962772438023,639680.0
sarcoma,5.945227243374065,881510.0
sardonic,5.495415278797739,312907.0
sargent,5.928979299448852,849140.0
sarong,4.719927617893979,52472.0
sarsaparilla,4.948041113154267,88724.0
sartorial,4.812278154254406,64905.0
sash,5.865859333412902,734276.0
sashay,4.144885418287142,13960.0
saskatoonberry,0.0001,1.0
sass,5.097437794272037,125152.0
sassafras,5.316748021963427,207371.0
sassy,5.120093309340506,131854.0
sat,7.48054575210492,30237491.0
satan,6.562649315550548,3652997.0
satchel,5.4368223370003825,273415.0
satellite,6.5516912327835675,3561978.0
satellites,6.187576555109153,1540198.0
satiate,4.863691556420592,73062.0
satin,6.109608578662344,1287089.0
satire,6.278210622136937,1897626.0
satirical,5.8633032271864165,729967.0
satirize,4.81152138595795,64792.0
satisfaction,7.072053482964911,11804660.0
satisfactorily,6.243620357238317,1752348.0
satisfactory,6.924136048667886,8397230.0
satisfied,7.062789944565956,11555532.0
satisfies,6.286895482531076,1935956.0
satisfy,6.867339832485192,7367834.0
satisfying,6.513572750330181,3262667.0
saturate,5.363343047677642,230857.0
saturated,6.503201603678723,3185676.0
saturation,6.320734782212044,2092834.0
saturday,6.889993556632564,7762356.0
saturn,6.096576694404169,1249041.0
sauce,6.681304929228978,4800704.0
saucepan,5.931497535118395,854078.0
saucer,5.785119044246504,609704.0
sauder,4.146655073340974,14017.0
sausage,6.006213093685329,1014409.0
sav,5.521640109940734,332384.0
savage,6.724250794516263,5299694.0
savages,6.303196705620724,2010003.0
savannah,6.220539813256623,1661651.0
save,7.350612827540583,22418824.0
saved,7.036344794623438,10872885.0
saver,5.440446217460643,275706.0
saves,6.171231339033746,1483308.0
saving,6.875377256881976,7505459.0
savings,6.837323740949173,6875808.0
savior,6.191286376151583,1553411.0
saviour,6.45619926847842,2858902.0
savor,5.634887187675912,431407.0
savory,5.6112260801563645,408532.0
savour,5.318824770369201,208365.0
savoury,4.962672336236555,91764.0
savvy,5.602975387281309,400844.0
saw,7.8444387461288585,69893815.0
sawdust,5.668764128693776,466406.0
sawing,5.574016211924711,374987.0
saxophone,5.468159686482058,293873.0
say,8.111362426871608,129229727.0
saying,7.465156795891617,29184805.0
sayings,6.071962969916641,1180220.0
says,7.771681553132863,59112803.0
scab,5.467685043616782,293552.0
scaffold,5.862710251513461,728971.0
scalar,6.071114689676936,1177917.0
scale,7.44502832696519,27863029.0
scaled,6.032923626847493,1078757.0
scales,6.817461443743266,6568428.0
scaling,6.160488639658538,1447067.0
scalp,6.160306428292007,1446460.0
scam,5.29083786964222,195361.0
scan,6.4729845037027065,2971560.0
scandal,6.375731815696658,2375373.0
scanned,6.084364261888536,1214407.0
scanner,5.801249312498906,632775.0
scanning,6.381345980915571,2406279.0
scans,5.924259638962346,839962.0
scant,6.044612267407248,1108185.0
scanty,6.095083181649144,1244753.0
scapula,5.61821236499983,415157.0
scar,6.2131770940487225,1633718.0
scarce,6.596545197083737,3949528.0
scarcely,7.011807359127913,10275604.0
scarcity,6.201022759592849,1588630.0
scare,6.117014289683923,1309225.0
scared,6.542261349046266,3485470.0
scarf,5.984927220144953,965889.0
scarlet,6.4345139750820834,2719656.0
scarred,5.795268099822457,624120.0
scars,6.11831764526972,1313160.0
scary,5.883335450052911,764426.0
scatter,6.170181011287064,1479725.0
scattered,6.90575773630789,8049293.0
scattering,6.535564362102649,3432135.0
scavenger,5.327134064918578,212390.0
scenario,6.4438933913451475,2779031.0
scenarios,6.144447480982908,1394593.0
scene,7.375792603122278,23757055.0
scenery,6.39942328111198,2508553.0
scenes,6.91771782607199,8274044.0
scenic,6.086621040752804,1220734.0
scent,6.368299346278077,2335067.0
scented,5.923913083505798,839292.0
sceptic,5.260681834515385,182256.0
schedule,6.952109138693347,8955898.0
scheduled,6.569845875156265,3714034.0
schedules,6.425050423562307,2661034.0
scheduling,6.251022472805851,1782471.0
schema,6.1896090476714125,1547423.0
schematic,6.244575951150167,1756208.0
scheme,7.0623617354464345,11544144.0
schemes,6.613190737693941,4103843.0
schism,5.874325234722049,748730.0
schizophrenia,6.280578142750364,1907999.0
schizophrenic,5.941822383469271,874626.0
scholar,6.685484488457995,4847128.0
scholarly,6.44220326908893,2768237.0
scholars,6.939450458917909,8698622.0
scholarship,6.6590184594847175,4560563.0
scholarships,6.10713803366694,1279788.0
scholastic,6.15152705049431,1417513.0
school,8.050459155669007,112320533.0
schoolhouse,5.787806780132087,613489.0
schooling,6.392781869748773,2470483.0
schoolmaster,5.927652614048984,846550.0
schools,7.5582607044410475,36162688.0
schooner,6.043111061328453,1104361.0
science,7.677882870145387,47630251.0
sciences,7.045736652611527,11110578.0
scientific,7.362864783396531,23060291.0
scientifically,6.01678689078579,1039410.0
scientist,6.574961282788697,3758039.0
scientists,6.91411473539351,8205683.0
scissors,6.104919824447994,1273268.0
sclerosis,6.0439251203769,1106433.0
scone,4.933041629028784,85712.0
scones,5.053662234660941,113152.0
scoop,5.847003508647792,703078.0
scooter,5.275817927877539,188720.0
scope,6.989681320347774,9765204.0
score,7.024498474682199,10580312.0
scored,6.316659843510763,2073289.0
scores,6.945719684427188,8825101.0
scoring,6.293938358945215,1967607.0
scorn,6.3508114599798615,2242908.0
scorpion,5.601377613184255,399372.0
scorpions,5.407559150365348,255599.0
scotch,6.398663981815044,2504171.0
scotch tape,4.612328138124975,40957.0
scots,6.159152550899762,1442622.0
scott,7.047817338124143,11163936.0
scourge,5.833601575903154,681713.0
scout,6.200086529369471,1585209.0
scouts,6.17814754495097,1507119.0
scramble,5.819614338182966,660107.0
scrambled,6.041359519585996,1099916.0
scrap,6.252065249154353,1786756.0
scrape,5.9356800423654095,862343.0
scraped,5.923623212897398,838732.0
scraping,5.887089300457309,771062.0
scraps,5.968678103724967,930418.0
scratch,6.287986153989893,1940824.0
scratched,6.072451736961487,1181549.0
scratching,5.953511797784326,898487.0
scream,6.336890612343743,2172154.0
screamed,6.3742222929957695,2367131.0
screaming,6.3807454571387385,2402954.0
screams,6.0078595368558245,1018262.0
screech,5.49997834704747,316212.0
screen,7.110452936501757,12895938.0
screened,6.00564631381055,1013086.0
screening,6.560205862086019,3632502.0
screenplay,5.82907466228166,674644.0
screens,6.253461344892432,1792509.0
screw,6.527301671898329,3367454.0
screwdriver,5.392885048187647,247107.0
screwed,5.931267634491115,853626.0
screws,6.145106553509014,1396711.0
scribbler,4.708641815689913,51126.0
scribe,5.967551720120672,928008.0
script,6.666188484411866,4636481.0
scripts,6.1487238578715,1408393.0
scriptural,6.02819453814732,1067074.0
scripture,6.781823277208305,6050946.0
scriptures,6.595025076501955,3935728.0
scroll,6.230733418793028,1701114.0
scrolls,5.8350878472324945,684050.0
scrounge,4.596333140301133,39476.0
scrub,6.0111422812784685,1025988.0
scrumptious,4.7179283407962975,52231.0
scrunch,4.360536614583294,22937.0
scrupulous,5.833621961457272,681745.0
scrutiny,6.335573429719727,2165576.0
scuba,5.4672039571394135,293227.0
scull,5.017146074194512,104027.0
sculptor,6.150478893799657,1414096.0
sculpture,6.561692290110087,3644956.0
sculptures,5.9947525488722455,987990.0
scurvy,5.683438807746258,482435.0
sea,7.6537056597714415,45051127.0
sea fish,4.45703366505438,28644.0
sea-breeze,0.0001,1.0
sea-shell,0.0001,1.0
seaboard,5.806597781385147,640616.0
seafood,6.043802244971211,1106120.0
seagull,5.117940455331894,131202.0
seahorse,4.578925589458768,37925.0
seal,6.7887631027870565,6148414.0
sealed,6.54009060972758,3468092.0
sealing,5.973028508925689,939785.0
seals,6.299386123878558,1992444.0
seam,6.033633211844428,1080521.0
seaman,6.025463985222048,1060386.0
seamen,6.167829618154717,1471735.0
seams,5.948383620565448,887940.0
sear,5.24168093169764,174454.0
sear.,0.0001,1.0
search,7.348316645317103,22300605.0
searched,6.438084397427566,2742107.0
searches,6.211344041230151,1626837.0
searching,6.748769049908364,5607497.0
sears,6.086570163371888,1220591.0
seas,6.6609135511733015,4580507.0
seashell,4.752969865029084,56620.0
seashells,4.929643678809142,85044.0
seashore,5.753051162991684,566306.0
season,7.239188575944423,17345570.0
seasonal,6.437521150371544,2738553.0
seasoned,6.018422111560086,1043331.0
seasons,6.625899997508316,4225713.0
seat,7.200461236313915,15865773.0
seated,6.821763421465513,6633816.0
seating,6.120165765857581,1318760.0
seats,6.740030919743484,5495800.0
seaweed,5.66333147667138,460608.0
sec,7.179689094982019,15124781.0
secession,6.139552298505292,1378962.0
seclude,4.477613176429474,30034.0
secluded,5.891250806785426,778486.0
seclusion,5.903885645201767,801467.0
second,8.06772287984911,116875338.0
secondary,7.241936274172206,17455660.0
secondly,6.472642377200728,2969220.0
seconds,6.913436010756873,8192869.0
secrecy,6.262304876376827,1829384.0
secret,7.291201872537313,19552481.0
secretariat,5.932723817886706,856493.0
secretaries,6.199539072958087,1583212.0
secretary,7.360704150218614,22945850.0
secrete,5.769039656440526,587543.0
secreted,6.000596744744559,1001375.0
secretion,6.539647209465497,3464553.0
secretions,6.060205864917163,1148698.0
secretly,6.416059895314903,2606513.0
secrets,6.58713837388064,3864901.0
sect,6.4883284362162605,3078424.0
sectarian,5.892668271856496,781031.0
section,7.841923617873295,69490209.0
sections,7.200769073917507,15877023.0
sector,6.982962929227001,9615302.0
sectors,6.513203478606735,3259894.0
sects,6.143844478269849,1392658.0
secular,6.666614937206083,4641036.0
secure,7.163583443648113,14574157.0
secured,6.931868679610036,8548082.0
securely,6.131535903157941,1353742.0
securing,6.564697422258307,3670265.0
securities,6.930574959366358,8522656.0
security,7.505813006057227,32048891.0
sed,6.284455324368341,1925109.0
sedan,5.821220624777729,662553.0
sedentary,5.798784572534664,629194.0
sediment,6.299698799298213,1993879.0
sedimentary,5.951708016966764,894763.0
sedimentation,5.932615293203198,856279.0
sediments,6.211784829369768,1628489.0
sedition,5.798370922209647,628595.0
seduce,5.655986977705578,452884.0
seduced,5.822243289520066,664115.0
seduction,5.8380817891383705,688782.0
seductive,5.846605524616466,702434.0
see,8.548471884483492,353567131.0
seed,7.008991073709799,10209185.0
seeded,5.854163885798388,714766.0
seedlings,5.976081614930951,946415.0
seeds,6.872924439961242,7463189.0
seeing,7.272229163313309,18716695.0
seek,7.242545776190483,17480175.0
seeker,5.816794589980893,655835.0
seekers,5.940432307317108,871831.0
seeking,7.073659890740957,11848405.0
seeks,6.706755152238366,5090438.0
seem,7.625480023366364,42216286.0
seemed,7.757651754457113,57233691.0
seeming,6.405312715139526,2542803.0
seemingly,6.640514430172067,4370332.0
seems,7.741670448044562,55165867.0
seen,7.92705151699576,84537912.0
seep,5.366099684486487,232327.0
sees,7.043986741276252,11065900.0
seesaw,5.073109545058015,118334.0
segment,6.852996326224848,7128470.0
segmentation,5.901967515046131,797935.0
segments,6.743760234936236,5543196.0
segregate,5.395289690576387,248479.0
segregated,6.092051498365273,1236094.0
segregation,6.437086091406168,2735811.0
segue,4.653058070501347,44984.0
seismic,5.954021928344573,899543.0
seize,6.47124064911142,2959652.0
seized,6.830751258115334,6772535.0
seizure,6.385752086276908,2430816.0
seizures,6.2952285481867385,1973461.0
seldom,6.939484357901525,8699301.0
select,7.196874723731773,15735289.0
selected,7.3125977539852265,20539873.0
selecting,6.6601353826877645,4572307.0
selection,7.243435358020579,17516017.0
selections,6.348533829725355,2231176.0
selective,6.63187054784127,4284208.0
selectively,5.938264477157608,867490.0
selectivity,5.918124738368102,828180.0
selects,6.032070510958555,1076640.0
self,7.870886049750114,74282421.0
selfish,6.481979503031215,3033748.0
selfishness,6.141464824500761,1385048.0
sell,7.165380233390463,14634579.0
sell.,2.4183012913197452,262.0
seller,6.646144837013153,4427360.0
sellers,6.28550465042231,1929766.0
selling,7.018526454810416,10435817.0
sells,6.368384892340235,2335527.0
selves,6.17967901621579,1512443.0
semantic,6.3357775361101565,2166594.0
semantics,5.988743960805105,974415.0
semaphore,5.154405712276004,142694.0
sematic,3.041787318971752,1101.0
semblance,5.972263487211392,938131.0
semen,5.873782556994091,747795.0
semester,6.238192433204014,1730583.0
semi,6.709724205726707,5125358.0
semicolon,5.438811227509573,274670.0
semiconductor,6.130753705101639,1351306.0
seminal,5.952278926468576,895940.0
seminar,6.206831810450063,1610022.0
seminars,6.046173128572139,1112175.0
seminary,6.438830675219642,2746823.0
senate,7.1401354962027135,13808150.0
senator,6.8875915344324765,7719542.0
senators,6.452394175833557,2833963.0
send,7.346595016382697,22212376.0
sending,6.861290611838034,7265920.0
sends,6.551409860476452,3559671.0
senior,6.955983383530341,9036149.0
seniority,5.9429411552853235,876882.0
seniors,6.071498333769271,1178958.0
sensation,6.752206840335126,5652061.0
sensational,5.979015422518956,952830.0
sensations,6.463790746120045,2909315.0
sense,7.847370171494475,70367184.0
sensed,6.298532147364331,1988530.0
senseless,5.98249058682593,960485.0
senses,6.826671256155487,6709208.0
sensibilities,5.8602475440924815,724849.0
sensibility,6.294369877054156,1969563.0
sensible,6.655204534781678,4520688.0
sensibly,5.805592600822947,639135.0
sensing,6.204592834697289,1601743.0
sensitive,7.033188609844918,10794154.0
sensitivity,6.797028301288291,6266547.0
sensor,6.24435976499319,1755334.0
sensors,6.103217540937353,1268287.0
sensory,6.687938984153523,4874600.0
sensual,6.121736414812584,1323538.0
sensuous,5.936707221800107,864385.0
sent,7.664274644009382,46160940.0
sentence,7.1990316006222566,15813631.0
sentenced,6.251143305121215,1782967.0
sentences,6.895544363473906,7862205.0
sentencing,5.966689302707081,926167.0
sentiment,6.772850094674134,5927207.0
sentimental,6.316331058663902,2071720.0
sentiments,6.6351213820211035,4316397.0
sentinel,5.988486717086364,973838.0
sentry,5.761443683449573,577356.0
sep,6.320650730497388,2092429.0
separable,5.808352112579623,643209.0
separate,7.430066860021535,26919492.0
separated,7.077353186267772,11949595.0
separately,6.7307386825826425,5379460.0
separates,6.271950282680014,1870468.0
separating,6.429571420854495,2688880.0
separation,7.039560762999416,10953698.0
separations,5.8130776893057865,650246.0
sept,6.248400970700492,1771744.0
september,7.435721319678374,27272272.0
septic,5.897423639898352,789630.0
septuagenarian,4.406455016303492,25495.0
septum,5.97879841022231,952354.0
sequel,6.019414998924681,1045719.0
sequence,7.181771151870635,15197465.0
sequences,6.626458421931991,4231150.0
sequencing,5.881303040546322,760857.0
sequential,6.295667800627365,1975458.0
sequentially,5.667570616744215,465126.0
sequin,4.579577829439834,37982.0
ser,6.415263226291661,2601736.0
sera,5.9411709196354945,873315.0
seraphim,5.261698134929422,182683.0
serenade,5.517119328647466,328942.0
serendipitous,4.827143019085748,67165.0
serendipity,5.0307899118216275,107347.0
serene,6.175648052610407,1498470.0
serenity,5.971912439988665,937373.0
sergeant,6.66862052144636,4662518.0
serial,6.497168859078045,3141730.0
series,7.663130721071322,46039513.0
serine,5.588887687772225,388050.0
serious,7.438836351257019,27468589.0
seriously,7.001205966725986,10027807.0
seriousness,6.209586586809318,1620267.0
sermon,6.641307202267725,4378317.0
sermons,6.421311996043108,2638226.0
serpent,6.380056315716282,2399144.0
serpents,5.83729354813714,687533.0
serum,6.823830126528275,6665460.0
servant,6.974903256236136,9438506.0
servants,6.937159024569859,8652847.0
serve,7.419468966887279,26270538.0
served,7.382855969888905,24146599.0
server,6.958959441333999,9098283.0
servers,6.269673790180291,1860689.0
serves,6.949583736843219,8903971.0
service,7.895425325294184,78600503.0
serviceable,5.9179537515369995,827854.0
services,7.670534998779577,46831169.0
servicing,5.8062552904019356,640111.0
serviette,4.219636910808963,16582.0
servile,5.813286021815453,650558.0
serving,6.991555748445271,9807442.0
servings,6.01741067745214,1040904.0
servitude,6.020841310490872,1049159.0
sesame,5.840303741327825,692315.0
session,7.081040528514921,12051484.0
sessions,6.732541234055115,5401834.0
set,8.06384952470184,115837593.0
sets,7.1789411093294735,15098754.0
settee,5.282957276072822,191848.0
setting,7.337963728197919,21775279.0
settings,6.808031409411119,6427342.0
settle,6.830365562360605,6766523.0
settled,7.18617152475233,15352232.0
settlement,7.112120472894864,12945549.0
settlements,6.6203965535211475,4172502.0
settler,5.910133812630659,813081.0
settlers,6.687844089360813,4873535.0
settles,5.895859935419238,786792.0
settling,6.474760248710712,2983735.0
setup,6.339159958747591,2183534.0
seven,7.528325902244642,33754051.0
seventeen,6.617261783219572,4142493.0
seventeenth,6.679561980232761,4781476.0
seventh,6.84577011778859,7010841.0
seventies,6.0187504147035265,1044120.0
seventy,6.843327103843145,6971514.0
sever,5.751430002797572,564196.0
several,7.995715158835464,99018230.0
severance,5.790487834419825,617288.0
severe,7.243444878863877,17516401.0
severed,6.0999722592669015,1258845.0
severely,6.678157227320352,4766035.0
severity,6.608162079261009,4056599.0
sew,5.998053915650754,995529.0
sewage,6.223841058827277,1674330.0
sewer,6.094869602261447,1244141.0
sewers,5.819870849374611,660497.0
sewing,6.322790946217911,2102766.0
sex,7.375050542790142,23716497.0
sexes,6.424504322302364,2657690.0
sextant,5.192765321657618,155871.0
sextet,4.938179361136649,86732.0
sextuplet,3.3939260065858368,2477.0
sexual,7.336409556928524,21697493.0
sexuality,6.57835413215553,3787513.0
sexually,6.3927182278933525,2470121.0
sexy,5.8878776864390545,772463.0
shabby,5.953844223588663,899175.0
shack,5.895353473358244,785875.0
shackle,5.094858780902236,124411.0
shade,6.797140835809221,6268171.0
shaded,6.291531347430401,1956732.0
shades,6.444425495897,2782438.0
shading,5.965081700599429,922745.0
shadow,6.987976147669078,9726938.0
shadows,6.754537839434233,5682479.0
shadowy,6.092907231950427,1238532.0
shady,6.013979644042054,1032713.0
shaft,6.6970843793259345,4978338.0
shafts,6.132530238603385,1356845.0
shag,5.082181963945938,120832.0
shake,6.717059232008324,5212658.0
shaken,6.399803471364562,2510750.0
shaker,5.755755979862117,569844.0
shakes,6.08090090029177,1204761.0
shaking,6.687442807193426,4869034.0
shaky,5.842752732757163,696230.0
shale,6.214213929253215,1637623.0
shall,8.119583070917868,131699180.0
shallow,6.692022916578751,4920655.0
shalt,6.460118870828315,2884821.0
sham,5.911263105505204,815198.0
shamble,4.1933472563864616,15608.0
shame,6.8326518870141815,6802239.0
shameful,6.01047889659843,1024422.0
shameless,5.6574325881428935,454394.0
shampoo,5.533297862084385,341427.0
shank,5.691864461898076,491886.0
shape,7.326724851400368,21218997.0
shaped,7.028656923874349,10682107.0
shapes,6.73180883790114,5392732.0
shaping,6.400802457218778,2516532.0
share,7.452118030086229,28321616.0
shared,7.126405864795692,13378452.0
shareholder,6.236797911091996,1725035.0
shareholders,6.488340004367115,3078506.0
sharer,5.093715785046742,124084.0
shares,6.9646770783893635,9218857.0
sharing,6.862428125346265,7284976.0
shark,6.054603863042017,1133976.0
sharks,5.897611148542155,789971.0
sharp,7.155225900998122,14296374.0
sharpen,5.6958422713577,496412.0
sharpened,5.915238329959174,822694.0
sharper,5.896055292859221,787146.0
sharply,6.753864761055836,5673679.0
shattered,6.338246068794439,2178944.0
shave,5.871553088301536,743966.0
shaved,5.917454042344361,826902.0
shaving,5.838618034972979,689633.0
shawl,5.951579859386651,894499.0
she,8.816969441354926,656099099.0
sheaf,5.6341577295478285,430683.0
shear,6.516133548293597,3281962.0
shearing,5.909123658985085,811192.0
sheath,6.201318998915362,1589714.0
shed,6.70700053628444,5093315.0
shedding,5.9402120733075,871389.0
sheds,5.961699143363328,915586.0
sheep,6.924172870877423,8397942.0
sheer,6.535926741395569,3435000.0
sheet,7.097509863020246,12517277.0
sheets,6.7840097827160815,6081487.0
shelf,6.522940454141906,3333807.0
shell,6.9765998442734745,9475450.0
shelley,6.370808501796165,2348597.0
shelling,5.503949940544294,319117.0
shells,6.623918828373396,4206480.0
shelter,6.736298077604224,5448765.0
sheltered,6.1951853839874875,1567420.0
shelters,5.9725166393311095,938678.0
shelves,6.291904061575464,1958412.0
shepherd,6.542772536874888,3489575.0
shepherds,6.042078723113748,1101739.0
sheriff,6.622922722962027,4196843.0
sherry,6.053328571181622,1130651.0
shewanella,3.636588183729842,4331.0
shi,5.878626909618448,756183.0
shick,4.195622943586937,15690.0
shield,6.635939215506375,4324533.0
shielded,5.829179579023201,674807.0
shielding,5.824499413872376,667574.0
shields,6.212197462510373,1630037.0
shift,7.088783148366424,12268265.0
shifted,6.644838330588287,4414061.0
shifting,6.5949941783350265,3935448.0
shifts,6.615801966695564,4128592.0
shig,3.853393977450666,7135.0
shilling,5.901432164855467,796952.0
shillings,6.238010705430807,1729859.0
shimmer,5.284626968049094,192587.0
shimmy,4.752747368270807,56591.0
shin,5.781832176967776,605107.0
shine,6.467935737430573,2937215.0
shines,6.122086062182487,1324604.0
shingle,5.653453721491571,450250.0
shining,6.672897885706811,4708666.0
shiny,6.190727426275764,1551413.0
ship,7.371707725544684,23534649.0
shipbuilding,5.796128710004529,625358.0
shipment,6.238620096926677,1732288.0
shipments,6.157740764897662,1437940.0
shipped,6.403876530786282,2534408.0
shipping,6.668955531185915,4666116.0
ships,7.136323846620605,13687491.0
shirt,6.810552473794942,6464761.0
shirts,6.307952769592725,2032136.0
shit,6.484457295946375,3051106.0
shitting,4.645834751418948,44242.0
shiver,5.874210951508707,748533.0
shivered,5.955017756565603,901608.0
shivering,6.027285988148814,1064844.0
shock,6.985466488411571,9670891.0
shocked,6.5051138760905785,3199734.0
shocking,6.145493191748554,1397955.0
shocks,6.097219467838153,1250891.0
shoe,6.550703370381642,3553885.0
shoes,6.9094535942635655,8118085.0
shone,6.402158687618517,2524403.0
shook,7.051159741326773,11250187.0
shoot,6.744297521671926,5550058.0
shooting,6.718487821116521,5229833.0
shoots,6.222231194612618,1668135.0
shop,7.091806261141573,12353962.0
shopping,6.681290364160171,4800543.0
shops,6.710584002060498,5135515.0
shore,7.066002078186068,11641316.0
shoreline,5.837659131583263,688112.0
shores,6.51997951118671,3311155.0
short,7.821102201569803,66237236.0
shortage,6.347326306719023,2224981.0
shortages,6.015850365100737,1037171.0
shortcomings,6.1482743422968555,1406936.0
shortcut,5.90098944447291,796140.0
shorten,5.884540487978239,766550.0
shortened,6.127833089078082,1342249.0
shortening,6.068688906463243,1171356.0
shorter,6.789616455385455,6160507.0
shortest,6.147604914793884,1404769.0
shorthand,5.861378466964027,726739.0
shortly,6.949747054846056,8907320.0
shorts,6.041831495636712,1101112.0
shot,7.257244591494992,18081922.0
shotgun,5.952023880392763,895414.0
shots,6.523668312778746,3339399.0
should,8.466875962285407,293005628.0
shoulder,7.118258408431491,13129809.0
shoulders,6.997223646400565,9936276.0
shout,6.43432694100328,2718485.0
shouted,6.758823057229023,5738826.0
shouting,6.462853618267909,2903044.0
shouts,6.228703899393719,1693183.0
shove,5.790755805212096,617669.0
shoved,6.124163045789182,1330954.0
shovel,6.011844803965525,1027649.0
show,7.851523120341345,71043299.0
showed,7.39513769176065,24839205.0
shower,6.5326020308077775,3408804.0
showers,6.112762806735271,1296471.0
showing,7.2755183611412075,18858987.0
showman,5.26930742293804,185912.0
shown,7.764054311027705,58083705.0
showpiece,4.668637473671116,46627.0
shows,7.600980199174143,39900671.0
shrank,5.884537655182608,766545.0
shredded,5.798001134858534,628060.0
shrewd,6.170672926644979,1481402.0
shriek,5.818537312321292,658472.0
shrieked,5.787694207987363,613330.0
shrill,6.0511749121635185,1125058.0
shrimp,6.177499850277711,1504873.0
shrine,6.3461680664954105,2219055.0
shrines,5.898947207231929,792405.0
shrink,6.20042666278484,1586451.0
shrinkage,5.956848644496411,905417.0
shrinking,6.025300948695636,1059988.0
shrub,6.0814297655116345,1206229.0
shrubs,6.277182961159517,1893141.0
shrug,5.863934605808966,731029.0
shrugged,6.511313058701614,3245735.0
shucks,4.9942687483582935,98689.0
shudder,5.970827867580941,935035.0
shuddered,5.970477052066524,934280.0
shuffle,5.702126251396528,503647.0
shun,5.916372346163164,824845.0
shunt,6.003136844891691,1007249.0
shut,7.017849588249198,10419565.0
shutter,5.866693672209026,735688.0
shutters,5.882073502737936,762208.0
shutting,5.9455586845041335,882183.0
shuttle,6.1069231727555,1279155.0
shwarma,2.9960736544852753,991.0
shy,6.418673928464499,2622249.0
sibling,5.967742616329156,928416.0
siblings,6.225035176105578,1678940.0
sic,6.516314138051745,3283327.0
sick,7.130031909374745,13490620.0
sickle,5.960145767527836,912317.0
sickly,5.91749028009571,826971.0
sickness,6.624407517649731,4211216.0
side,7.990501249669921,97836577.0
sideburn,3.7633531087482153,5799.0
sided,6.431419575456086,2700347.0
sides,7.324303078650235,21101002.0
sidewalk,6.25606364766932,1803282.0
sidewalks,5.854795334394821,715806.0
sideways,6.0914481728057845,1234378.0
siding,5.793487250296989,621566.0
siege,6.541788478549174,3481677.0
sierra,6.428541187727935,2682509.0
sieve,5.938244451359276,867450.0
sift,5.676568331886006,474863.0
sigh,6.536058716519756,3436044.0
sighed,6.600403041101555,3984768.0
sighing,5.868216985765782,738273.0
sighs,6.010389011806537,1024210.0
sight,7.346721166565273,22218829.0
sighted,6.129094423394269,1346153.0
sights,6.301430664590501,2001846.0
sigma,6.150319777477096,1413578.0
sign,7.36823772407631,23347357.0
signal,7.216685582974189,16469696.0
signaled,5.968980001234755,931065.0
signaling,6.194175098967904,1563778.0
signals,6.836432865634976,6861718.0
signature,6.611548280736355,4088352.0
signatures,6.1343333234545465,1362490.0
signed,7.083393530849798,12116956.0
significance,7.177737412039494,15056964.0
significant,7.519544665273617,33078413.0
significantly,6.991638680967408,9809315.0
signified,6.2028870092329225,1595464.0
signifies,6.40576303511078,2545441.0
signify,6.238947896246734,1733596.0
signifying,5.976850482014977,948092.0
signing,6.331805544989178,2146869.0
signs,7.236338483454616,17232111.0
silence,7.211095326873534,16259056.0
silenced,5.959895301103904,911791.0
silent,7.1207786264862705,13206223.0
silently,6.531489901999047,3400086.0
silhouette,5.793646527003629,621794.0
silica,6.274677075081079,1882249.0
silicate,5.84690528251656,702919.0
silicon,6.418805906820241,2623046.0
silicone,5.741947732061993,552011.0
silk,6.8198254776551295,6604280.0
silken,5.846991772102695,703059.0
silky,5.803461212746842,636006.0
sill,5.928281630080068,847777.0
silliness,5.129209583093754,134651.0
sills,5.522020165551737,332675.0
silly,6.539029026753216,3459625.0
silo,5.417220842695438,261349.0
silver,7.317253288919921,20761240.0
silvery,6.010205792745718,1023778.0
sim,5.841490239737295,694209.0
similar,7.759628137029377,57494743.0
similarities,6.400914099913934,2517179.0
similarity,6.587375856687649,3867015.0
similarly,7.104316535292065,12715005.0
simile,5.801484661001407,633118.0
simmer,5.990749863400352,978926.0
simple,7.664841827231401,46221265.0
simpler,6.467993398720005,2937605.0
simplest,6.549596270089446,3544837.0
simpleton,5.222086677806068,166758.0
simplicity,6.717065980500116,5212739.0
simplified,6.409279330893588,2566134.0
simplify,6.180498623232012,1515300.0
simplistic,5.779416098947068,601750.0
simply,7.615098894768245,41219137.0
simulate,5.99507727245418,988729.0
simulated,6.161937602609304,1451903.0
simulation,6.572226881697064,3734452.0
simultaneous,6.497124483638059,3141409.0
simultaneously,6.868450402350834,7386699.0
sin,7.2508117397525185,17816063.0
since,8.137353991085073,137199962.0
sincere,6.587385964237925,3867105.0
sincerely,6.372545642546861,2358010.0
sincerity,6.354241397457246,2260692.0
sine,6.295268378564248,1973642.0
sinecure,4.9807167563825265,95657.0
sinful,6.2301693501399935,1698906.0
sing,6.972556288005287,9387637.0
singer,6.617429807496672,4144096.0
singers,6.29678910004912,1980565.0
singing,6.955782245974449,9031965.0
single,7.779021666381591,60120373.0
singled,5.889288813575591,774977.0
singles,5.948941817781476,889082.0
singly,6.005360286938338,1012419.0
sings,6.26824159101466,1854563.0
singular,6.7871728806195595,6125942.0
singularity,5.764758040821801,581779.0
singularly,6.079459105610464,1200768.0
sinister,6.132871946063572,1357913.0
sink,6.666522005248026,4640043.0
sinking,6.482287891321687,3035903.0
sinks,6.115061389492455,1303351.0
sinned,5.9285684090568385,848337.0
sinner,6.259812643220256,1818916.0
sinners,6.283493225848525,1920849.0
sins,6.796947416415303,6265380.0
sinus,6.348817728694939,2232635.0
sinuses,5.852718424161465,712391.0
sip,6.073319422543372,1183912.0
sipped,5.8542635213787415,714930.0
sipping,5.742030332923555,552116.0
sir,7.646135056998114,44272603.0
sire,6.191367165737557,1553700.0
siren,5.784572363293535,608937.0
sis,5.953509380967554,898482.0
siskin,4.4863171082391835,30642.0
sister,7.342248276573726,21991167.0
sisters,6.897601307726097,7899531.0
sit,7.2589020163130495,18151061.0
site,7.449697712656648,28164219.0
sites,7.122765592862507,13266782.0
sits,6.595499749076078,3940032.0
sitting,7.264107643246731,18369936.0
situ,6.123720026532609,1329597.0
situated,6.798158695854993,6282879.0
situation,7.6396811908340165,43619551.0
situations,7.1456822829034286,13985638.0
six,7.745599775195771,55667251.0
sixteen,6.800774865839371,6320841.0
sixteenth,6.615676244166258,4127397.0
sixth,6.920222701542156,8321904.0
sixties,6.176055935001289,1499878.0
sixty,6.983776077101901,9633322.0
sizable,5.985277342205752,966668.0
size,7.670613604145254,46839646.0
sized,6.562042686384322,3647898.0
sizes,6.746206776775624,5574511.0
sizzle,4.9577748435630316,90735.0
skank,3.949048292315664,8893.0
skate,5.583905769357642,383624.0
skating,5.904416357752726,802447.0
skeletal,6.329232673648126,2134188.0
skeleton,6.379353749866421,2395266.0
skeletons,5.888551266114935,773662.0
skeptic,5.467266158307951,293269.0
skeptical,6.145817404059636,1398999.0
skepticism,6.123183685518614,1327956.0
sketch,6.765934860241304,5833576.0
sketched,6.038803695030658,1093462.0
sketches,6.4805050891664,3023466.0
skewer,5.080810409919079,120451.0
ski,6.233931248765707,1713686.0
skies,6.365092821823195,2317890.0
skiing,5.974716126850958,943444.0
skilful,6.024141954708417,1057163.0
skill,7.083074851328295,12108068.0
skilled,6.676895806631484,4752212.0
skillet,5.925267215523326,841913.0
skillful,6.113501817927246,1298679.0
skillfully,5.832595124376768,680135.0
skills,7.243654259845685,17524848.0
skin,7.407126082589493,25534425.0
skinned,6.0394002373954985,1094965.0
skinny,5.945044916808196,881140.0
skins,6.3708741422147614,2348952.0
skip,6.252477774340687,1788454.0
skipped,5.820020082316507,660724.0
skipper,5.924415240313893,840263.0
skipping,5.788206564741836,614054.0
skirmish,5.7854992480072545,610238.0
skirt,6.375123656112889,2372049.0
skirts,6.1844330481023535,1529090.0
skit,5.14622108881188,140030.0
skull,6.607683584254352,4052132.0
skulls,5.87704752026615,753438.0
skunk,5.613026358359985,410229.0
sky,7.192686463821908,15584270.0
sky scraper,3.1522883443830563,1420.0
skyrocket,4.765400296946214,58264.0
skyscraper,5.423712694379625,265285.0
slab,6.230886316602612,1701713.0
slabs,5.965725079743791,924113.0
slack,6.149081102127799,1409552.0
slag,5.834339305580032,682872.0
slake,5.014722098700544,103448.0
slam,5.803452335651396,635993.0
slammed,6.148091564658596,1406344.0
slander,5.930651083416532,852415.0
slang,6.013404388544452,1031346.0
slangier,2.663700925389648,461.0
slant,5.85748025205492,720245.0
slap,5.967961482233245,928884.0
slap.,2.0755469613925306,119.0
slaphappy,3.4984484031739997,3151.0
slapped,6.067753579346991,1168836.0
slash,5.814104361510855,651785.0
slat,5.104712394347837,127266.0
slate,6.298813355198455,1989818.0
slaughter,6.3828338648503475,2414537.0
slaughtered,5.963962454143937,920370.0
slave,7.108548280748998,12839505.0
slavery,7.059892629918828,11478698.0
slaves,7.061646511082998,11525148.0
slaw,4.966061909120504,92483.0
sled,5.767668550508465,585691.0
sleek,5.838107009418336,688822.0
sleep,7.365752430885306,23214131.0
sleeping,6.843144040863391,6968576.0
sleeps,6.028878565873845,1068756.0
sleepy,6.1455233251243016,1398052.0
sleet,5.493647621331284,311636.0
sleeve,6.300250171651969,1996412.0
sleeves,6.186042735556054,1534768.0
sleigh,5.646828009898476,443433.0
slender,6.678612329444446,4771032.0
slept,6.700416486049804,5016681.0
sleuth,5.042287987571699,110227.0
slew,5.97146928941072,936417.0
slice,6.36505497218054,2317688.0
sliced,6.232723003153223,1708925.0
slices,6.307771075289253,2031286.0
slick,5.941551680029185,874081.0
slid,6.442727888846667,2771583.0
slide,6.712599704384631,5159406.0
slides,6.320895369141386,2093608.0
sliding,6.41332525088599,2590152.0
slight,7.0759190908240255,11910201.0
slightest,6.563043366589781,3656313.0
slightly,7.292838388759775,19626298.0
slim,6.26282233585364,1831565.0
slime,5.739721039142431,549188.0
slimy,5.617571681305859,414545.0
sling,5.8213418728352115,662738.0
slink,4.9837795935246305,96334.0
slinky,4.757752732626186,57247.0
slip,6.771356457083843,5906857.0
slipped,6.7017005843587345,5031536.0
slipper,5.506891801632393,321286.0
slippers,5.943607279331387,878228.0
slippery,6.056839702277886,1139829.0
slipping,6.229527239748545,1696396.0
slips,6.156483123860211,1433782.0
slit,6.175361030762423,1497480.0
slither,4.825218333788306,66868.0
slithering,4.945852485355012,88278.0
sliver,5.384493197539603,242378.0
slob,4.962236706418142,91672.0
slobber,4.456593750244408,28615.0
slog,4.595397006170128,39391.0
slogan,6.020321083683562,1047903.0
slogans,5.794551478299272,623091.0
sloop,5.814860637110286,652921.0
slop,5.368456105881997,233591.0
slope,6.85591383899445,7176519.0
slopes,6.527000555754231,3365120.0
sloping,6.105262481132974,1274273.0
sloppy,5.65829765030819,455300.0
slot,6.22568654040718,1681460.0
sloth,5.603616316582675,401436.0
slots,5.937017613685839,865003.0
slouch,5.150845438090308,141529.0
slough,5.654826053230163,451675.0
slovenly,5.369577618765424,234195.0
slow,7.243281780794299,17509824.0
slowed,6.230460672717031,1700046.0
slower,6.40668968824766,2550878.0
slowing,6.009833178608563,1022900.0
slowly,7.343772303424802,22068474.0
sludge,6.033287413875397,1079661.0
slug,5.665824802838091,463260.0
sluggish,5.893945313907009,783331.0
slum,5.870833889714329,742735.0
slumber,5.97779537223633,950157.0
slumped,5.818444965658165,658332.0
slums,5.852347611239676,711783.0
slung,5.792051826189666,619515.0
slurp,4.56059998530754,36358.0
slurred,5.3695460925835325,234178.0
slurry,5.615269158541944,412353.0
slut,5.3229321930907485,210345.0
sly,6.005067632767546,1011737.0
smack,5.720478495926727,525386.0
small,8.11290546219746,129689693.0
smaller,7.318123067225631,20802861.0
smallest,6.636343341502102,4328559.0
smallpox,6.006460051939203,1014986.0
smart,6.701369269301898,5027699.0
smash,5.872055411445998,744827.0
smashed,6.068807904812445,1171677.0
smattering,5.2528433259668335,178996.0
smear,5.8833950997627085,764531.0
smell,6.827922129458842,6728560.0
smell.,0.0001,1.0
smelled,6.158100630102321,1439132.0
smelling,6.057966051397184,1142789.0
smells,6.125389842783152,1334719.0
smelly,5.368838934149155,233797.0
smile,7.213659178501003,16355325.0
smiled,7.103766650459037,12698916.0
smiles,6.450371833070626,2820797.0
smiley,5.558188785819071,361567.0
smiling,6.813336220349036,6506332.0
smite,5.577545796058825,378047.0
smith,7.4442021444826025,27810074.0
smitten,5.7344445706050315,542556.0
smock,5.368716317167943,233731.0
smoke,7.015832736215261,10371289.0
smoked,6.2874299580463875,1938340.0
smoking,6.772735703026795,5925646.0
smoky,5.943587992926397,878189.0
smooth,7.073014736710778,11830817.0
smoothed,6.02002921882279,1047199.0
smoothing,5.945821490623929,882717.0
smoothly,6.31784989359835,2078978.0
smore,3.1360860973840974,1368.0
smote,5.77180934794464,591302.0
smother,5.4434116394054195,277595.0
smudge,5.30286534917112,200847.0
smug,5.60432867274004,402095.0
smuggling,5.833238297803166,681143.0
smut,5.274243313704053,188037.0
snack,5.978527448577556,951760.0
snacks,5.787508648069637,613068.0
snail,5.853805251565671,714176.0
snake,6.615078485603011,4121720.0
snakes,6.29464541833275,1970813.0
snap,6.316857748762886,2074234.0
snapped,6.434958157570076,2722439.0
snapping,5.881873462233307,761857.0
snare,5.878224696220698,755483.0
snarky,3.874829577879722,7496.0
snarl,5.445913858452342,279199.0
snatch,5.855604552462321,717141.0
snatched,6.133196447143789,1358928.0
snazzy,4.432712805125387,27084.0
sneak,5.90916220450215,811264.0
sneakers,5.533788575999993,341813.0
sneaky,5.214623997031937,163917.0
sneer,5.787006105164956,612359.0
sneeze,5.3883321478572155,244530.0
snicker,4.94568026440605,88243.0
sniff,5.611523635309861,408812.0
sniffed,5.8219862131825755,663722.0
snip,5.185774396383808,153382.0
snipe,5.346845677786484,222252.0
snippet,4.973090890794289,93992.0
snippy,4.317457405732373,20771.0
snit,4.342541108623305,22006.0
snitch,4.796241200121809,62552.0
snob,5.342316068182743,219946.0
snog,3.6755033847279566,4737.0
snood,4.342758142419291,22017.0
snoop,5.034375746436004,108237.0
snore,5.252464661195994,178840.0
snorkel,5.002563443006112,100592.0
snort,5.557437420455058,360942.0
snorted,5.8271669429348405,671687.0
snot,4.9608844207906,91387.0
snout,5.795545655631906,624519.0
snow,7.1491371433873026,14097339.0
snowbird,4.608729227295577,40619.0
snowmobiling,4.557795833605629,36124.0
snows,5.837103373611106,687232.0
snowy,6.01110502981598,1025900.0
snuff,5.846478142137388,702228.0
snug,5.789588467353789,616011.0
so,8.754624443157086,568361227.0
so-called,5.2322335211147335,170700.0
soak,5.9301744514863515,851480.0
soaked,6.213569550497348,1635195.0
soaking,5.859029559891529,722819.0
soap,6.58887504095068,3880387.0
soar,5.804341874094941,637297.0
soared,5.805784178554447,639417.0
soaring,5.933531322469279,858087.0
sob,5.87283429190596,746164.0
sobbed,5.82339792749138,665883.0
sobbing,5.977491309915067,949492.0
sober,6.413584393581724,2591698.0
sobering,5.429143195024591,268623.0
sobriety,5.749764134253434,562036.0
sobs,5.883331473114277,764419.0
soccer,6.065048004120502,1161577.0
social,8.056216879500049,113819554.0
socialism,6.6322127428852395,4287585.0
socialist,6.830256373670551,6764822.0
socialization,6.260607482242955,1822248.0
socialize,5.435353756495759,272492.0
socially,6.589546491734711,3886391.0
societal,6.213702857149862,1635697.0
societies,7.002757164073098,10063688.0
society,7.8674265373212,73693051.0
socio,6.126044344742974,1336732.0
socioeconomic,6.298170982421994,1986877.0
sociological,6.487928863785767,3075593.0
sociologist,5.881027258312318,760374.0
sociologists,5.99503466357823,988632.0
sociology,6.670637005896403,4684217.0
sock,5.611217575584204,408524.0
socket,6.070871281448449,1177257.0
sockets,5.7992143789212784,629817.0
socks,6.117518209718547,1310745.0
sod,5.973941623873232,941763.0
soda,6.49160679089994,3101750.0
sodding,4.3307991908366485,21419.0
sodium,6.994339680836564,9870512.0
sofa,6.35289417766023,2253690.0
soft,7.291068203973199,19546464.0
softball,5.581509341064355,381513.0
soften,6.033059277772039,1079094.0
softened,6.222333499060012,1668528.0
softening,5.997318220155737,993844.0
softer,6.0511552247157505,1125007.0
softly,6.704020380657444,5058484.0
softness,5.912333140912947,817209.0
software,7.098563849813553,12547692.0
soggy,5.407260001476113,255423.0
soil,7.360123481476085,22915191.0
soiled,5.880388232604258,759256.0
soils,6.632727199760194,4292667.0
sojourn,5.8889053330396965,774293.0
solace,5.910583854617016,813924.0
solar,6.7624421501841185,5786849.0
solar system,5.975089293173018,944255.0
sold,7.307792091588596,20313843.0
solder,5.81178406029726,648312.0
soldier,7.003183451752991,10073571.0
soldiers,7.272408698767131,18724434.0
sole,6.862489405332668,7286004.0
solely,6.766963620390889,5847411.0
solemn,6.683883645386066,4829294.0
solemnity,5.939410415767162,869782.0
solemnly,6.252299984676425,1787722.0
soles,5.8654007102640815,733501.0
solicit,5.8627001234119565,728954.0
solicitation,5.857947913889061,721021.0
solicited,5.876854377625047,753103.0
solicitor,5.942191162602289,875369.0
solicitous,5.609415105698211,406832.0
solicitude,5.853484661574102,713649.0
solid,7.247558378361359,17683099.0
solidarity,6.3912070738790225,2461541.0
solidly,5.837246801986338,687459.0
solids,6.432711201613041,2708390.0
soliloquy,5.518606053180559,330070.0
solitary,6.590837601002548,3897962.0
solitude,6.393098358224367,2472284.0
solo,6.384535123788468,2424014.0
soluble,6.6843574036313225,4834565.0
solution,7.626751305004774,42340044.0
solutions,7.1257386756051035,13357915.0
solve,6.907647095038915,8084387.0
solved,6.647005439377348,4436142.0
solvent,6.552214342017328,3566271.0
solvents,6.142099631177376,1387074.0
solving,6.797341094528304,6271062.0
somatic,6.076222329587175,1191852.0
somber,5.837601694114776,688021.0
sombre,5.7874285920240425,612955.0
some,8.636168966004211,432682137.0
somebody,6.86824886814116,7383272.0
someday,6.161573719235566,1450687.0
somehow,6.961356016214353,9148629.0
someone,7.4825043478120685,30374165.0
someplace,5.719915202681403,524705.0
something,7.975322067501927,94476124.0
sometime,6.4221457987611865,2643296.0
sometimes,7.804773570871462,63793080.0
somewhat,7.418510448223463,26212621.0
somewhere,6.978042625959674,9506981.0
somnolent,4.931279844664006,85365.0
son,7.799132948441903,62969892.0
sonar,5.50531416488131,320121.0
sonata,6.03473671599347,1083270.0
song,7.268436030800272,18553935.0
songe,4.745886382167524,55704.0
songs,7.02936332071567,10699496.0
sonnet,6.077177064529038,1194475.0
sonnets,5.9929121155418725,983812.0
sonny,5.908092904550719,809269.0
sonorous,5.597202486798636,395551.0
sons,7.22389435897692,16745355.0
sook,4.507207993183979,32152.0
soon,7.801665278220831,63338136.0
sooner,6.787725929380803,6133748.0
soonest,5.010914489420639,102545.0
sooth,5.485870423536161,306105.0
soothe,5.884432828752343,766360.0
soother,4.2897004101287095,19485.0
soothing,6.104618881940987,1272386.0
sopanotic,0.0001,1.0
sophisticated,6.648673565732164,4453214.0
sophistication,6.019981108625641,1047083.0
sophistry,5.3943536032566115,247944.0
sophomore,5.771352266207899,590680.0
soporific,4.885112334182353,76756.0
soprano,5.94347027783839,877951.0
sorbet,4.855507041287351,71698.0
sorcerer,5.6572270497538995,454179.0
sordid,5.879787789649028,758207.0
sore,6.484128793316409,3048799.0
sorely,5.916241750443734,824597.0
sores,5.7982838604452445,628469.0
sorority,5.4399024301686,275361.0
sorrow,6.796455892032355,6258293.0
sorrows,6.187309726556779,1539252.0
sorry,7.086708230011748,12209791.0
sort,7.470919525581757,29574644.0
sorted,6.03146219224535,1075133.0
sortie,5.3124270251523615,205318.0
sorting,6.183775893386414,1526778.0
sorts,6.7605818462875344,5762114.0
sos,5.536058210944467,343604.0
sot,5.581859810734736,381821.0
sought,7.252633134967408,17890939.0
soul,7.510794363044959,32418608.0
souls,6.909847796358208,8125457.0
sound,7.61715626051434,41414866.0
sounded,6.750069481711325,5624313.0
sounding,6.391959433387614,2465809.0
soundly,5.781774038146528,605026.0
soundness,5.786267894018021,611319.0
sounds,7.137156734762156,13713766.0
soup,6.613726100265831,4108905.0
sour,6.377213880800154,2383493.0
source,7.631644675057596,42819804.0
sources,7.404412811314774,25375395.0
sous,5.899096257060566,792677.0
south,7.825493606690039,66910397.0
southeast,6.6625627329964345,4597934.0
southeastern,6.241623919554388,1744311.0
southern,7.446208184032692,27938828.0
southerners,6.008381266245111,1019486.0
southward,6.272087714411346,1871060.0
southwest,6.68865319257401,4882623.0
southwestern,6.312043788232659,2051369.0
souvenir,5.778755946188112,600836.0
sovereign,6.788483226578788,6144453.0
sovereigns,5.988103913260224,972980.0
sovereignty,6.641199267845647,4377229.0
soviet,7.354294799885875,22609700.0
sow,6.1297630202019695,1348227.0
sowing,5.89223433394641,780251.0
sown,6.109363539856704,1286363.0
soy,6.046281671543456,1112453.0
soybean,5.809731378522371,645255.0
spa,6.000470086418027,1001083.0
space,7.683476930113167,48247735.0
spacecraft,5.969304528564168,931761.0
spaced,6.223562131430903,1673255.0
spaces,6.814819728074415,6528595.0
spaceship,5.372700324843412,235885.0
spacing,6.332007789917624,2147869.0
spacious,6.206046414131804,1607113.0
spade,5.904693911141742,802960.0
spaghetti,5.757392232495996,571995.0
spake,6.12833366720103,1343797.0
spam,5.485531203584719,305866.0
span,6.659127006135724,4561703.0
spanish,7.301122381987759,20004255.0
spank,5.021953811284416,105185.0
spanning,5.815884435196301,654462.0
spans,5.975740071141516,945671.0
spare,6.7027061914734425,5043200.0
spared,6.383790779191906,2419863.0
sparing,5.81928393906493,659605.0
spark,6.410017608203053,2570500.0
sparkle,5.79339570961868,621435.0
sparkling,6.215783977670308,1643554.0
sparks,6.222690724783412,1669901.0
sparky,4.9564133726561,90451.0
sparrow,6.063752811669504,1158118.0
sparse,6.020678185393984,1048765.0
sparsely,5.86218864513936,728096.0
spasm,6.007311131009238,1016977.0
spasmodic,5.6704731486014595,468245.0
spat,5.910198438077039,813202.0
spatial,6.691627687334228,4916179.0
spawn,5.6079094541721135,405424.0
speak,7.543579411627807,34960643.0
speaker,6.919587644590379,8309744.0
speakers,6.566098763648716,3682127.0
speaking,7.336990429537371,21726533.0
speaks,6.926040239263587,8434129.0
spear,6.346229515544688,2219369.0
spears,6.083449942304924,1211853.0
spec,5.952072379772119,895514.0
special,7.796538152059203,62594785.0
specialist,6.470382262387407,2953808.0
specialists,6.497688170764817,3145489.0
specialization,6.250345580305153,1779695.0
specialize,5.847676285234035,704168.0
specialized,6.75068909472628,5632343.0
specializes,5.781580903976917,604757.0
specializing,5.8008970807753615,632262.0
specially,6.5805090621546585,3806353.0
specialties,6.008685744890394,1020201.0
specialty,6.384122135115688,2421710.0
specie,5.962193119393345,916628.0
species,7.556211349679897,35992445.0
specific,7.692181445808401,49224515.0
specifically,7.046838055243222,11138791.0
specification,6.541816418773002,3481901.0
specifications,6.590316531173721,3893288.0
specificity,6.310460281108294,2043903.0
specifics,5.810845878565958,646913.0
specified,7.037028956517618,10890027.0
specifies,6.2636855303745165,1835209.0
specify,6.6878889999034925,4874039.0
specifying,6.173912302904587,1492493.0
specimen,6.767239598894454,5851128.0
specimens,6.8336506270238955,6817900.0
speck,5.790039440115817,616651.0
spectacle,6.427296185457051,2674830.0
spectacles,6.092499933336187,1237371.0
spectacular,6.376272844467351,2378334.0
spectator,6.331040004513476,2143088.0
spectators,6.289781533263152,1948864.0
spectra,6.464949828470517,2917090.0
spectral,6.434114573270404,2717156.0
spectroscopy,6.077243959215421,1194659.0
spectrum,6.875243513016791,7503148.0
speculate,6.0450521450031385,1109308.0
speculated,5.826232934883855,670244.0
speculation,6.547327016069528,3526363.0
speculations,6.12645903468531,1338009.0
speculative,6.364316056357681,2313748.0
speculators,5.8371728822634035,687342.0
sped,6.013822334552503,1032339.0
speech,7.453637138904492,28420855.0
speeches,6.6684377307088685,4660556.0
speechless,5.824578774491486,667696.0
speed,7.347551927009794,22261372.0
speedily,6.213517756996305,1635000.0
speeding,5.911534189226777,815707.0
speeds,6.375993552406397,2376805.0
speedy,6.1503296087464845,1413610.0
spell,6.621134512689522,4179598.0
spelled,6.1982126698449145,1578384.0
spelling,6.550428571703123,3551637.0
spells,6.094430946681936,1242885.0
spend,7.105577622912103,12751980.0
spending,6.885256705346877,7678152.0
spends,6.17382703565358,1492200.0
spent,7.363888655771431,23114721.0
sperm,6.322497567645811,2101346.0
sphere,6.902101875265533,7981819.0
spheres,6.410680412864148,2574426.0
spherical,6.380622721695673,2402275.0
sphincter,5.86846927485392,738702.0
sphinx,5.714828325231486,518595.0
spice,6.014153711654178,1033127.0
spices,6.0611862413304625,1151294.0
spicy,5.84570996392869,700987.0
spider,6.281649128444952,1912710.0
spies,6.140820295964304,1382994.0
spigot,5.069908483023144,117465.0
spike,6.149289641280236,1410229.0
spikes,6.045045097939475,1109290.0
spill,6.022894997292261,1054132.0
spilled,6.041888681966494,1101257.0
spilling,5.788877940445788,615004.0
spin,6.598917057269324,3971157.0
spinach,5.993913031236108,986082.0
spindle,6.1224396871082885,1325683.0
spine,6.609465168715,4068789.0
spinning,6.40627304976747,2548432.0
spins,5.791494154728991,618720.0
spiral,6.416101548057078,2606763.0
spire,5.803777255661626,636469.0
spirit,7.686147090874826,48545289.0
spirited,6.234101011742111,1714356.0
spirits,6.997966657898897,9953290.0
spiritual,7.338852059270819,21819865.0
spirituality,6.253475154804621,1792566.0
spiritually,6.115037064207049,1303278.0
spit,6.164997869044421,1462170.0
spite,7.085557246650854,12177475.0
splash,5.959560803230904,911089.0
splashed,5.800717765456654,632001.0
splat,4.8480227595874315,70473.0
spleen,6.25153212771809,1784564.0
splendid,6.735679603912608,5441011.0
splendor,6.2391465104449795,1734389.0
splinter,5.5862687802803315,385717.0
split,6.9090905178123885,8111301.0
splits,5.878608530843094,756151.0
splitting,6.295611076923876,1975200.0
spoil,6.2164978984314425,1646258.0
spoiled,6.196988724500774,1573942.0
spoils,6.062937170793204,1155945.0
spoke,7.327819553116155,21272550.0
spoken,7.0763549095050475,11922159.0
spokesman,6.066030579267637,1164208.0
sponge,6.141135776324035,1383999.0
spongy,5.641853704350987,438383.0
sponsor,6.249515093330534,1776295.0
sponsored,6.482884440835087,3040076.0
sponsors,6.096938849204304,1250083.0
sponsorship,5.806862772178372,641007.0
spontaneity,5.885168345935423,767659.0
spontaneous,6.665765362881172,4631966.0
spontaneously,6.296933361060421,1981223.0
spool,5.568598276844462,370338.0
spoon,6.342219501928765,2198971.0
sporadic,5.957961473262439,907740.0
spore,5.812779707008964,649800.0
spores,6.1867798145176085,1537375.0
sport,6.733967955308174,5419609.0
sporting,6.188438536957372,1543258.0
sports,6.918905700813293,8296706.0
spot,7.183728956332114,15266130.0
spotlight,5.824821319918205,668069.0
spots,6.733583382700958,5414812.0
spotted,6.470273006338815,2953065.0
spouse,6.673144078074442,4711336.0
spouses,6.128375356012123,1343926.0
spout,5.63407301690645,430599.0
sprain,5.218004785150092,165198.0
sprang,6.5062806566184115,3208342.0
sprawling,5.811832289338962,648384.0
spray,6.541725980738059,3481176.0
sprayed,5.8414370608083095,694124.0
spraying,5.889390233518476,775158.0
spread,7.3017028477642745,20031010.0
spreading,6.675392527847134,4735791.0
spreads,6.237325279327431,1727131.0
spring,7.444974720772517,27859590.0
springing,6.066458243864814,1165355.0
springs,6.857462041628838,7202148.0
sprinkle,6.103585835139101,1269363.0
sprinkled,5.991969058300622,981678.0
sprinkling,5.815460194001142,653823.0
sprocket,5.184461449326706,152919.0
sprout,5.65986107823502,456942.0
spruce,6.132863630534792,1357887.0
sprung,6.225688090109369,1681466.0
spun,6.273017022191348,1875068.0
spunk,4.9820223471904095,95945.0
spur,6.241289912097611,1742970.0
spurious,5.959492633178144,910946.0
spurred,5.946710603204558,884526.0
spurs,5.99011987609398,977507.0
sputter,5.146862612602414,140237.0
spy,6.369752084072984,2342891.0
spying,5.685208617256321,484405.0
squad,6.210722923753968,1624512.0
squadron,6.387525611129916,2440763.0
squadrons,5.838054045138704,688738.0
squander,5.231711647233209,170495.0
square,7.420756077508517,26348511.0
squared,6.095897796776811,1247090.0
squarely,5.97311260682366,939967.0
squares,6.635688882396668,4322041.0
squash,5.9781325637952625,950895.0
squat,5.783404711367144,607302.0
squawk,4.967150002647506,92715.0
squeamish,5.130928505373132,135185.0
squeeze,6.226601709394336,1685007.0
squeezed,6.2757843281280845,1887054.0
squeezing,5.8609192725024,725971.0
squiggle,4.328563069391717,21309.0
squire,6.263655001994769,1835080.0
squirrel,6.0808403351169735,1204593.0
squirrels,5.858134596878322,721331.0
squirt,5.2219850966783055,166719.0
stab,5.888101954476044,772862.0
stabbed,5.898184170057652,791014.0
stability,6.972878386047497,9394602.0
stabilization,6.220763221350895,1662506.0
stabilize,5.978725440554685,952194.0
stabilized,6.010832319543787,1025256.0
stabilizing,5.86968807596805,740778.0
stable,7.038181314794119,10918961.0
stables,6.0189720557950945,1044653.0
stack,6.515367489644457,3276178.0
stacked,6.057046926201589,1140373.0
stacks,5.979821430030225,954600.0
stadium,6.119941111295364,1318078.0
staff,7.425015692115348,26608212.0
staffing,5.905494197205645,804441.0
staffs,5.9891453488489415,975316.0
stag,5.785376109826208,610065.0
stage,7.564592109557392,36693751.0
staged,6.088829696646784,1226958.0
stages,7.073801756196586,11852276.0
staggered,6.089229487770215,1228088.0
staggering,6.000048638258281,1000112.0
staging,6.081538484931899,1206531.0
stagnant,5.848365263139807,705286.0
stagnation,5.931177573862763,853449.0
stain,6.420870765441375,2635547.0
stained,6.514629158644155,3270613.0
staining,6.202140251612876,1592723.0
stainless,6.125475084686455,1334981.0
stains,6.1172789206064495,1310023.0
stair,5.9864416345855185,969263.0
staircase,6.241255525383429,1742832.0
stairs,6.819665192056637,6601843.0
stairway,5.957973912391289,907766.0
stake,6.58617531714322,3856340.0
stakes,6.195893290086781,1569977.0
stale,6.070075195848243,1175101.0
stalemate,5.524125983540138,334292.0
stalk,6.135622348450947,1366540.0
stalked,5.852087609476228,711357.0
stalks,6.075102585902552,1188783.0
stall,6.137196445253221,1371502.0
stallion,5.768888839464526,587339.0
stalls,5.949156693690824,889522.0
stalwart,5.663882706939131,461193.0
stamen,5.12672867912626,133884.0
stamens,6.072450266704335,1181545.0
stamina,5.6640860613862385,461409.0
stammer,5.218593267267516,165422.0
stamp,6.551672455914074,3561824.0
stamped,6.375151667723469,2372202.0
stampede,5.455930001320159,285713.0
stamping,5.852810468442864,712542.0
stamps,6.240121482254295,1738287.0
stance,6.3648787967759874,2316748.0
stand,7.5242940216872585,33442137.0
standard,7.603872099326699,40167250.0
standardized,6.43918927400999,2749092.0
standards,7.316928742306617,20745731.0
standing,7.4206788327286475,26343825.0
standpoint,6.5364483400148545,3439128.0
stands,7.156877171128704,14350835.0
staple,6.1146863621395875,1302226.0
stapler,4.8740525296095205,74826.0
staples,5.857140640663826,719682.0
star,7.20842421006795,16159362.0
starboard,5.845297769541662,700322.0
starch,6.370620030930405,2347578.0
stare,6.431953039593451,2703666.0
stared,6.859782653247214,7240735.0
stares,5.879396970089045,757525.0
staring,6.698271183735474,4991961.0
stark,6.359550537218051,2288498.0
stars,7.121989658465187,13243100.0
start,7.5054501891682,32022128.0
started,7.515532616397585,32774239.0
starter,5.919368397059064,830555.0
starting,7.152412070100559,14204046.0
startled,6.483264701053159,3042739.0
startling,6.315530163264867,2067903.0
starts,6.8126519663476675,6496089.0
starvation,6.231283752155922,1703271.0
starve,5.9797122285003805,954360.0
starved,6.074913670780748,1188266.0
starving,6.13830648835613,1375012.0
stat,6.412612397944161,2585904.0
state,8.299491682994473,199292834.0
stated,7.3399552684412726,21875363.0
stately,6.220738926391031,1662413.0
statement,7.517760298681537,32942784.0
statements,7.196765745132949,15731341.0
states,8.173605754535247,149143989.0
statesman,6.36771848940878,2331946.0
statesmen,6.2474584327808955,1767903.0
statewide,5.850676248856249,709049.0
static,6.712153261800471,5154105.0
stating,6.563477881570842,3659973.0
station,7.3148749417043035,20647855.0
stationary,6.47146891400179,2961208.0
stationed,6.327770348437161,2127014.0
stationery,5.879290321869746,757339.0
stations,6.859515363066475,7236280.0
statistic,6.106843379001576,1278920.0
statistical,6.955469634511639,9025466.0
statistically,6.244639253039762,1756464.0
statistics,7.0460060052622895,11117471.0
statue,6.61767800388667,4146465.0
statues,6.325441153712477,2115637.0
stature,6.310241793714649,2042875.0
status,7.42632411657559,26688497.0
statute,7.027686025081081,10658253.0
statutes,6.75687988361776,5713206.0
statutory,6.575252984214623,3760564.0
stay,7.413127588367447,25889734.0
stayed,6.914067258121452,8204786.0
staying,6.622315173814658,4190976.0
stays,6.313294248485775,2057284.0
std,5.826181094610455,670164.0
stead,6.0763221599451445,1192126.0
steadfast,5.9240817405545725,839618.0
steadily,6.691514862700496,4914902.0
steady,6.959240692523761,9104177.0
steak,6.1208255516930565,1320765.0
steal,6.4801271482364164,3020836.0
stealing,6.3566982059475885,2273517.0
stealthy,5.397934797106985,249997.0
steam,7.026930239824715,10639721.0
steam boat,4.451924528420122,28309.0
steamboat,6.001898056115638,1004380.0
steamed,5.888808287941675,774120.0
steamer,6.359745010704035,2289523.0
steaming,5.980821166644335,956800.0
steamship,5.925896602899717,843134.0
steed,5.876402030170852,752319.0
steel,7.271233865960933,18673850.0
steels,5.986597085908869,969610.0
steep,6.621805863905765,4186064.0
steeple,5.658278572600269,455280.0
steer,6.135401417160933,1365845.0
steered,5.8433910144016155,697254.0
steering,6.317730178508493,2078405.0
stein,6.329306128774708,2134549.0
stellar,5.882063246491634,762190.0
stem,6.890527650995061,7771908.0
stemmed,5.929348922020878,849863.0
stemming,5.789026209845334,615214.0
stems,6.633802229044774,4303306.0
stench,5.783947863623206,608062.0
stencil,5.466211978393932,292558.0
stenographer,5.519557623641926,330794.0
stent,5.541392007693669,347850.0
step,7.565751743996315,36791860.0
stepped,6.905043927285233,8036074.0
stepping,6.352369706941311,2250970.0
steps,7.370777675111311,23484303.0
stereo,5.998790980022807,997220.0
stereotype,5.950465626268798,892207.0
stereotyped,5.835542822838444,684767.0
stereotypes,6.189878113986292,1548382.0
stereotypical,5.503817910697822,319020.0
sterile,6.410804386474602,2575161.0
sterility,5.814440720576591,652290.0
sterilization,5.972154683656027,937896.0
sterling,6.435142528225353,2723595.0
stern,6.698823535540694,4998314.0
sternly,5.944221029630125,879470.0
steroid,6.040413234502169,1097522.0
steroids,6.040796503071414,1098491.0
stetsum,0.0001,1.0
stew,6.037324885051602,1089745.0
steward,6.250388771020967,1779872.0
stich,4.7193147105421165,52398.0
stick,6.928064371387028,8473530.0
sticker,5.460305355654928,288606.0
stickies,0.0001,1.0
sticking,6.219359462503056,1657141.0
sticks,6.488021909063945,3076252.0
sticky,6.0963742844798094,1248459.0
stiff,6.620547866613019,4173956.0
stiffened,5.86625779423695,734950.0
stiffly,5.844552347540457,699121.0
stiffness,6.1395296220145275,1378890.0
stifled,5.812569794072209,649486.0
stigma,6.070625891163728,1176592.0
still,8.199906416452302,158455171.0
stillness,6.10289965326912,1267359.0
stilt,4.954025307893461,89955.0
stimulant,5.861813894250278,727468.0
stimulants,5.8093913508099755,644750.0
stimulate,6.513386089625256,3261265.0
stimulated,6.555009637949097,3589299.0
stimulates,6.0854275895499175,1217384.0
stimulating,6.459500444773825,2880716.0
stimulation,6.732808554179919,5405160.0
stimuli,6.603951128979416,4017456.0
stimulus,6.771057921458296,5902798.0
sting,6.1126391807738,1296102.0
stinging,5.816541555564686,655453.0
stink,5.658647577547006,455667.0
stipulate,5.484118964312151,304873.0
stipulated,6.102817403057465,1267119.0
stipulation,5.884408460065755,766317.0
stir,6.712579670204188,5159168.0
stirling,5.798547755869149,628851.0
stirred,6.53082788172697,3394907.0
stirring,6.541513595623758,3479474.0
stirrup,5.518877016179273,330276.0
stitch,6.1471028625432815,1403146.0
stitches,5.979610737463292,954137.0
stochastic,6.01029062599407,1023978.0
stock,7.506344895691912,32088166.0
stocked,5.883567185863461,764834.0
stockholder,5.926203491329352,843730.0
stockholders,6.421616100105155,2640074.0
stocking,5.954284971712767,900088.0
stockings,6.130796126338468,1351438.0
stocks,6.697507707803573,4983193.0
stole,6.365841454058991,2321889.0
stolen,6.566143698991133,3682508.0
stomach,6.977336865339567,9491544.0
stomp,5.253573023001415,179297.0
stone,7.421253899134772,26378731.0
stones,6.956535311952335,9047640.0
stony,6.096952745482673,1250123.0
stood,7.5573669177728355,36088341.0
stool,6.316314916860681,2071643.0
stoop,5.902254796156239,798463.0
stooped,5.927288219198812,845840.0
stop,7.459844416428481,28829985.0
stopped,7.305260738642055,20195785.0
stopping,6.613104163159691,4103025.0
stops,6.630557533762985,4271275.0
storage,7.060621322254877,11497974.0
store,7.288704146627305,19440353.0
stored,6.893310982334435,7821877.0
stores,6.982009899153082,9594225.0
stories,7.324445562961595,21107926.0
storing,6.1473800993147405,1404042.0
storm,7.00627195696878,10145465.0
stormed,5.846855852161421,702839.0
storms,6.40379512747127,2533933.0
stormy,6.1758048197874205,1499011.0
stormy.,0.0001,1.0
story,7.74927294207649,56140069.0
stout,6.466546894800616,2927837.0
stove,6.4606913159353345,2888626.0
strafe,4.681322659957815,48009.0
straight,7.329185562228791,21339565.0
straighten,5.878542475698439,756036.0
straightened,6.118966042916373,1315122.0
straightforward,6.416549478993943,2609453.0
strain,6.974978573073549,9440143.0
strained,6.339596910561351,2185732.0
straining,6.052903537480718,1129545.0
strains,6.583487602797017,3832548.0
strait,6.195071490813907,1567009.0
straits,6.149816857057638,1411942.0
strand,6.373315378210077,2362193.0
stranded,6.030951709948399,1073870.0
strands,6.227187416072731,1687281.0
strange,7.303907932682439,20132974.0
strangely,6.423346159799688,2650612.0
stranger,6.862449526635371,7285335.0
strangers,6.647730462271707,4443554.0
strangle,5.506832321089183,321242.0
strap,6.046904293137181,1114049.0
strapped,5.8142622495929785,652022.0
straps,5.879296056311188,757349.0
strata,6.363210400900585,2307865.0
strategic,6.903122557856694,8000600.0
strategically,5.792820868523578,620613.0
strategies,7.032719507095704,10782501.0
strategy,7.185554534761981,15330437.0
stratification,6.036971645149188,1088859.0
stratified,5.93196255908628,854993.0
stratify,4.584602573630906,38424.0
stratosphere,5.391556092429633,246352.0
stratum,6.119968787634766,1318162.0
straw,6.580158756394416,3803284.0
strawberries,5.9306103225324405,852335.0
strawberry,6.044711797863371,1108439.0
stray,6.16878613153552,1474980.0
streak,6.108316349402043,1283265.0
streaked,5.87622015066253,752004.0
streaks,5.903417213149806,800603.0
stream,7.166434495251537,14670148.0
streaming,6.126718623193657,1338809.0
streams,6.770620890768402,5896861.0
street,7.675767630777252,47398831.0
streetlight,4.795226346759703,62406.0
streets,7.150889715587621,14154343.0
strength,7.51885155811509,33025664.0
strengthen,6.549786616143947,3546391.0
strengthened,6.492568335342189,3108625.0
strengthening,6.337306882060418,2174237.0
strengthens,5.785064193389516,609627.0
strengths,6.447660281568229,2803240.0
strenuous,6.101335261047449,1262802.0
strep,5.016749284648008,103932.0
stress,7.304601823015006,20165167.0
stress.,0.0001,1.0
stressed,6.559140131134184,3623599.0
stresses,6.6203091133974805,4171662.0
stressful,5.9979906555284,995384.0
stressing,5.94017867966931,871322.0
stretch,6.712987158697832,5164011.0
stretched,6.741945922533941,5520087.0
stretcher,5.729536535707052,536459.0
stretches,6.224891848263624,1678386.0
stretching,6.488106183255612,3076849.0
strewn,5.974955891979574,943965.0
stricken,6.320348424961757,2090973.0
strict,6.822983838695795,6652484.0
strictly,6.855251288431274,7165579.0
stride,6.048188844647153,1117349.0
strides,5.939075246654605,869111.0
strife,6.403879615243447,2534426.0
strike,7.09619196525307,12479350.0
strikers,5.826965165383556,671375.0
strikes,6.685201982717632,4843976.0
striking,6.99693722103956,9929725.0
strikingly,6.128593429910167,1344601.0
string,7.018933973179382,10445614.0
stringent,6.0311312353081545,1074314.0
strings,6.603879451529002,4016793.0
strip,6.745366748653145,5563739.0
stripe,5.943622114444742,878258.0
striped,6.11891485404423,1314967.0
stripes,6.227274920909521,1687621.0
stripped,6.401642265227632,2521403.0
stripping,5.943058023584466,877118.0
strips,6.483704947024433,3045825.0
strive,6.386290775345696,2433833.0
strives,5.835662674308559,684956.0
striving,6.348206502711711,2229495.0
strobe,5.273475841313344,187705.0
strode,6.084079504180825,1213611.0
stroke,6.823238563745194,6656387.0
stroked,5.935349540931122,861687.0
strokes,6.328381846268299,2130011.0
stroking,5.8168369687663235,655899.0
stroll,5.951271932462309,893865.0
strolled,5.926884461793129,845054.0
strong,7.7112797343522415,51437486.0
stronger,6.928163637250973,8475467.0
strongest,6.590773977931313,3897391.0
stronghold,5.913841392136196,820052.0
strongly,7.134777593827401,13638845.0
strop,4.590574357161628,38956.0
strove,6.0666635372781075,1165906.0
struck,7.126798285746339,13390546.0
structural,7.017569528888236,10412848.0
structurally,5.899380515439584,793196.0
structure,7.677579297500187,47596969.0
structured,6.5122285213029265,3252584.0
structures,7.22613435498055,16831947.0
structuring,5.880756444510211,759900.0
struggle,7.224040090465188,16750975.0
struggled,6.478129384102476,3006972.0
struggles,6.528625574023564,3377735.0
struggling,6.582109632136451,3820407.0
strum,4.95464766191401,90084.0
strung,6.015659801205562,1036716.0
strut,5.630155211179758,426732.0
stub,5.690343183447088,490166.0
stubborn,6.269372125921358,1859397.0
stubbornly,5.782146422500552,605545.0
stubby,5.3613708125375,229811.0
stuck,6.734527410334123,5426595.0
stud,6.035601020568174,1085428.0
studded,5.814280233201253,652049.0
student,7.50764985665902,32184729.0
students,7.764371259442475,58126110.0
studied,7.232690117079396,17087956.0
studies,7.717808066038034,52216537.0
studio,6.7420742229893715,5521718.0
studios,6.151498250028328,1417419.0
studious,5.629370857491419,425962.0
study,7.931212292666211,85351723.0
studying,6.866594545452141,7355201.0
stuff,6.925184414914112,8417525.0
stuffed,6.359576725063337,2288636.0
stuffing,5.86654311342563,735433.0
stumble,5.8196899918504155,660222.0
stumbled,6.19953413530911,1583194.0
stumbling,6.046331639043949,1112581.0
stump,6.122365315415493,1325456.0
stun,5.214099083299104,163719.0
stung,5.898264321791327,791160.0
stunned,6.231460415098225,1703964.0
stunner,4.58732924660681,38666.0
stunning,5.996294470608315,991504.0
stunt,5.663153237253357,460419.0
stupendous,5.807994785012644,642680.0
stupid,6.68825559560363,4878155.0
stupidity,5.986877832431286,970237.0
stupor,5.733491779039397,541367.0
sturdy,6.225952749769244,1682491.0
stutter,5.2129994819759,163305.0
style,7.479708816851883,30179276.0
styled,6.058886269314825,1145213.0
styles,6.755916530704713,5700547.0
styling,5.4971951227787885,314192.0
stylistic,5.982151785632274,959736.0
stymie,4.5642279988187555,36663.0
stymied,5.146425735551819,140096.0
suave,5.3889816916493585,244896.0
sub,6.904989448407152,8035066.0
subcommittee,6.154185304270521,1426216.0
subconscious,5.971406674163787,936282.0
subcutaneous,6.059319129556712,1146355.0
subdivision,6.310243069251853,2042881.0
subdivisions,6.053762782581428,1131782.0
subdue,5.907098964913369,807419.0
subdued,6.274373556880159,1880934.0
subgroups,5.949303139061485,889822.0
subject,7.850507612480198,70877373.0
subjected,6.721081922300073,5261165.0
subjective,6.689638495834902,4893713.0
subjectivity,6.085529963021468,1217671.0
subjects,7.370755335030464,23483095.0
subjugate,5.206005066560805,160696.0
sublime,6.417985898923161,2618098.0
submarine,6.3186817640733075,2082964.0
submarines,5.9731199992667685,939983.0
submerged,6.1602631906507614,1446316.0
submission,6.515434958115647,3276687.0
submissive,5.8490881917298,706461.0
submit,6.75412011823491,5677016.0
submitted,6.824467275201246,6675246.0
submitting,6.008725332722606,1020294.0
subordinate,6.58406151614609,3837616.0
subordinated,5.905503914777495,804459.0
subordinates,6.190479893386756,1550529.0
subpar,4.197501096143259,15758.0
subroutine,5.8566890228565205,718934.0
subscribe,6.079803650507828,1201721.0
subscribed,6.033456728445877,1080082.0
subscriber,5.903345060079677,800470.0
subscribers,6.155494541208133,1430522.0
subscription,6.354481656691394,2261943.0
subscriptions,6.043194423194807,1104573.0
subsection,6.315065988067406,2065694.0
subsequent,7.175963181205578,14995577.0
subsequently,6.897487654882728,7897464.0
subservient,5.796974449025718,626577.0
subsided,6.0240388288349545,1056912.0
subsidiaries,6.004306753722319,1009966.0
subsidiary,6.42896709596263,2685141.0
subsidies,6.2749397989867415,1883388.0
subsidized,5.889602522346284,775537.0
subsidy,6.1189534939446855,1315084.0
subsistence,6.3363096061238435,2169250.0
substance,7.198042895800004,15777671.0
substances,6.919722880902407,8312332.0
substantial,7.0822436001172075,12084915.0
substantially,6.744679528765374,5554942.0
substantive,6.400737908781846,2516158.0
substitute,6.812913356642856,6500000.0
substituted,6.52772100294708,3370707.0
substitutes,6.208329005834778,1615582.0
substituting,6.393050926006394,2472014.0
substitution,6.5920897787174475,3909217.0
substrate,6.496193074459762,3134679.0
substrates,6.030181010873028,1071966.0
subsystem,5.880167384435361,758870.0
subsystems,5.787456223654395,612994.0
subterranean,5.876150843190246,751884.0
subtle,6.7378453436143975,5468212.0
subtlety,5.825135841957238,668553.0
subtly,5.9082474323530985,809557.0
subtract,6.1322683369014515,1356027.0
subtracted,5.896066327380509,787166.0
subtracting,5.928406094930312,848020.0
subtraction,6.059004950817765,1145526.0
suburb,5.982733781688892,961023.0
suburban,6.350003658955572,2238740.0
suburbs,6.278836109066368,1900361.0
subversion,5.788933017846285,615082.0
subversive,5.961542584599021,915256.0
subway,6.035922592802689,1086232.0
succeed,6.807224281367855,6415408.0
succeeded,7.028836953115129,10686536.0
succeeding,6.514403495124039,3268914.0
succeeds,6.142559646170857,1388544.0
success,7.519836285965817,33100632.0
successes,6.389767475850093,2453395.0
successful,7.392270854382418,24675778.0
successfully,6.925440761835045,8422495.0
succession,6.812530942367849,6494279.0
successive,6.746074626079216,5572815.0
successively,6.190780890530808,1551604.0
successor,6.617516257542257,4144921.0
successors,6.364160611517093,2312920.0
succinct,5.569852423375166,371409.0
succulent,5.598272764293687,396527.0
succumb,5.734115456792829,542145.0
succumbed,5.845289707706296,700309.0
such,8.583438487113346,383211459.0
suck,6.002653666998713,1006129.0
sucked,6.0540029288170345,1132408.0
sucker,5.6778276933870115,476242.0
sucking,6.1207157117889155,1320431.0
sucks,5.493497086947029,311528.0
suction,6.127691671509503,1341812.0
sudden,7.115379425508431,13043058.0
suddenly,7.404248632363246,25365804.0
suds,5.250432201420758,178005.0
sue,6.61452527121372,4116473.0
sued,6.207467671865178,1612381.0
suffer,6.998933062121055,9975463.0
suffered,7.07413474352615,11861367.0
sufferer,5.83878236790902,689894.0
sufferers,5.812025821477251,648673.0
suffering,7.128078793696702,13430086.0
sufferings,6.382245842872207,2411270.0
suffers,6.314856957779571,2064700.0
suffice,6.442027051642243,2767114.0
sufficiency,6.111994348462456,1294179.0
sufficient,7.413931730719975,25937716.0
sufficiently,7.014464463268124,10338665.0
suffix,5.985944892696665,968155.0
suffrage,6.402412198348418,2525877.0
sugar,7.202112247068872,15926203.0
sugars,6.0185082683414155,1043538.0
sugary,5.165822802099915,146495.0
suggest,7.245790453396862,17611261.0
suggested,7.393894288079276,24768191.0
suggesting,6.687770297671281,4872707.0
suggestion,6.8953522023179765,7858727.0
suggestions,6.850562492193372,7088633.0
suggestive,6.35196222669326,2248859.0
suggests,7.19540629591164,15682175.0
suicidal,6.031265426516124,1074646.0
suicide,6.777153471623727,5986231.0
suit,7.11213741419536,12946054.0
suit case,4.176987874800811,15031.0
suitable,7.0600630423481885,11483203.0
suitably,5.875425339049461,750629.0
suitcase,5.966949004480901,926721.0
suite,6.6504484759367495,4471451.0
suited,6.678569544474417,4770562.0
suites,6.0404990939082985,1097739.0
suits,6.5988213547969625,3970282.0
sulfide,5.9722472841540135,938096.0
sulfur,6.403871732698261,2534380.0
sulfuric,5.9804074639431315,955889.0
sulk,4.982302899191059,96007.0
sullen,6.03867816996422,1093146.0
sully,5.6267200806648345,423370.0
sulphide,5.920544366897048,832807.0
sulphur,6.388197148017178,2444540.0
sulphuric,6.182110939607483,1520936.0
sultry,5.583501427303194,383267.0
sum,7.296528300125837,19793760.0
sumac,5.1825687111906795,152254.0
summarize,6.249403344936358,1775838.0
summarized,6.541700030900692,3480968.0
summarizes,6.126128158973981,1336990.0
summarizing,5.861831206749172,727497.0
summary,7.160757434422114,14479629.0
summation,6.004957729249527,1011481.0
summed,6.182642297752564,1522798.0
summer,7.477408720412804,30019864.0
summers,6.210887305772746,1625127.0
summertime,5.411846893642399,258135.0
summing,5.9092746093903195,811474.0
summit,6.615494592376478,4125671.0
summon,6.062429296299922,1154594.0
summoned,6.503078073614028,3184770.0
summons,6.25736317697376,1808686.0
sumptuous,5.805936293571813,639641.0
sums,6.579073516397527,3793792.0
sun,7.566833491878991,36883616.0
sunbathe,4.3236645356081,21070.0
sundae,4.902612000120848,79912.0
sunday,7.141592612410585,13854556.0
sundial,5.0098289328699295,102289.0
sundown,5.685964649068274,485249.0
sundress,4.495891079666188,31325.0
sundry,6.006667097581387,1015470.0
sunflower,5.7485655439716,560487.0
sung,6.578841986165961,3791770.0
sunglasses,5.655897785916119,452791.0
sunk,6.453229637045541,2839420.0
sunken,5.932713676541649,856473.0
sunlight,6.590776875156371,3897417.0
sunny,6.397086041550398,2495089.0
sunrise,6.195727560248762,1569378.0
suns,5.78391143650314,608011.0
sunscreen,5.184759550099662,153024.0
sunset,6.51207788133746,3251456.0
sunshine,6.534681877925845,3425168.0
sunt,6.059337313887666,1146403.0
sup,6.164147260903868,1459309.0
super,6.62247276051273,4192497.0
super.,4.3979747508409215,25002.0
superb,6.295741222636756,1975792.0
supercilious,5.2050229187541,160333.0
superficial,6.612822094135885,4100361.0
superficially,5.824118671579677,666989.0
superfluous,6.140404956571527,1381672.0
superimpose,4.97469126838219,94339.0
superimposed,6.006877036875181,1015961.0
superintendent,6.659117295171987,4561601.0
superior,7.231656215396279,17047324.0
superiority,6.583915957991535,3836330.0
superiors,6.158220116680047,1439528.0
superlative,5.645673733609382,442256.0
superman,5.673768982474773,471812.0
supermarket,5.900201573548031,794697.0
supernatural,6.486768714228714,3067388.0
superseded,6.082042486556636,1207932.0
superstition,6.303280963414471,2010393.0
superstitions,5.922849450304848,837239.0
superstitious,6.07300750502718,1183062.0
superstore,4.420797100999845,26351.0
supervise,6.016966937277898,1039841.0
supervised,6.177627389263569,1505315.0
supervising,5.905733294293359,804884.0
supervision,6.7509390815772266,5635586.0
supervisor,6.549197301685796,3541582.0
supervisors,6.375226905654773,2372613.0
supervisory,6.104310216374875,1271482.0
supine,5.78515394573073,609753.0
supper,6.74628366436464,5575498.0
supple,5.686967672112861,486371.0
supplement,6.641045256128172,4375677.0
supplemental,6.132982591406762,1358259.0
supplementary,6.324842354691248,2112722.0
supplemented,6.279008160046133,1901114.0
supplements,6.215644435965303,1643026.0
supplied,6.957988360470627,9077962.0
supplier,6.254244424028491,1795744.0
suppliers,6.35905722763489,2285900.0
supplies,7.058755871860969,11448692.0
supply,7.4511358572139725,28257638.0
supplying,6.3701059906463415,2344801.0
support,7.793655543950652,62180691.0
supported,7.2000486929197685,15850709.0
supporter,6.005575146317307,1012920.0
supporters,6.524023728626426,3342133.0
supporting,6.888420227463618,7734286.0
supportive,6.371882093695528,2354410.0
supports,6.757307946155146,5718840.0
suppose,7.377607420198316,23856538.0
supposed,7.283366661999866,19202893.0
supposedly,6.355268913307152,2266047.0
supposes,5.90903209966867,811021.0
supposing,6.3025456413650245,2006992.0
supposition,6.202719025798909,1594847.0
suppository,4.960151955933884,91233.0
suppress,6.3642156243251415,2313213.0
suppressed,6.471332791026448,2960280.0
suppression,6.475755424569173,2990580.0
supra,6.70018978641926,5014063.0
supremacy,6.3834843146197855,2418156.0
supreme,7.266665092589153,18478431.0
sur,6.659345255119821,4563996.0
sure,7.727661687918584,53414810.0
surely,7.115657765667754,13051420.0
surf,6.131161998158072,1352577.0
surface,7.704982671865185,50697048.0
surfaced,5.8806346946857495,759687.0
surfaces,6.8971384275906376,7891116.0
surfing,5.57477876869241,375646.0
surge,6.17899794247917,1510073.0
surgeon,6.673348579001434,4713555.0
surgery,6.9839310882390215,9636761.0
surgical,6.797463587113912,6272831.0
suri,4.609637089632301,40704.0
surmise,5.723929115045708,529577.0
surmounted,5.874302612513868,748691.0
surname,5.969166540829212,931465.0
surpass,5.863793784472958,730792.0
surpassed,6.115500343316335,1304669.0
surplus,6.707838078692673,5103147.0
surprise,7.069135963757757,11725624.0
surprised,7.012624494810481,10294956.0
surprises,6.0260918002979675,1061920.0
surprising,6.815552380535677,6539618.0
surprisingly,6.523280455551203,3336418.0
surreal,5.367793722614875,233235.0
surrender,6.75770523962022,5724074.0
surrendered,6.350552499356115,2241571.0
surreptiously,3.2089785172762535,1618.0
surreptitious,5.225722698684167,168160.0
surround,6.264060452070695,1836794.0
surrounded,6.952503398219853,8964032.0
surrounding,6.973816311204038,9414913.0
surroundings,6.521870925636411,3325607.0
surrounds,6.034725490350137,1083242.0
surveillance,6.33429025676277,2159187.0
survey,7.249271630757283,17752995.0
surveyed,6.308900834772091,2036577.0
surveying,6.101593463212637,1263553.0
surveyor,6.016544482973368,1038830.0
surveys,6.635662956839561,4321783.0
survival,6.930140328028039,8514131.0
survive,6.823276338827878,6656966.0
survived,6.6793731066346895,4779397.0
survives,6.064897302923549,1161174.0
surviving,6.538611054385298,3456297.0
survivor,6.110775171670224,1290551.0
survivors,6.417637075592881,2615996.0
susceptibility,6.250049718247423,1778483.0
susceptible,6.524798939740762,3348104.0
sushi,5.3743578552162345,236787.0
suspect,6.773511889951033,5936246.0
suspected,6.788602448620487,6146140.0
suspects,6.07157973623298,1179179.0
suspend,6.079439574419285,1200714.0
suspended,6.731167238636587,5384771.0
suspense,6.086765812991982,1221141.0
suspension,6.580590063661222,3807063.0
suspicion,6.730153708492751,5372219.0
suspicions,6.224494992190429,1676853.0
suspicious,6.481723610682401,3031961.0
sustain,6.6042519803393,4020240.0
sustainable,6.172398285937269,1487299.0
sustained,6.839301213928365,6907187.0
sustaining,6.251282366836415,1783538.0
sustains,5.807562762500642,642041.0
sustenance,5.8705899916127615,742318.0
suture,6.147955357655379,1405903.0
swag,4.844427468239401,69892.0
swale,4.887285264445333,77141.0
swallow,6.403070565854525,2529709.0
swallowed,6.444922807335804,2785626.0
swallowing,6.0795549403929225,1201033.0
swallows,5.823783211699199,666474.0
swam,6.020234042248568,1047693.0
swamp,6.328654162016862,2131347.0
swamps,6.041713944223634,1100814.0
swan,6.231459650478437,1703961.0
swank,5.083466785473887,121190.0
swap,5.90258645647167,799073.0
swarm,5.955365878012313,902331.0
swat,5.319120639695111,208507.0
swath,5.2758041200759545,188714.0
swather,3.127428777851599,1341.0
sway,6.299410317956149,1992555.0
swayed,6.010456003181313,1024368.0
swaying,5.953007842288325,897445.0
swear,6.4928173602573,3110408.0
swearing,5.950472440915001,892221.0
sweat,6.593074407680783,3918090.0
sweater,5.996846457678015,992765.0
sweating,6.123553083363388,1329086.0
sweatshirt,5.286550773717656,193442.0
sweden,6.620849918825948,4176860.0
sweep,6.506501244149879,3209972.0
sweeping,6.457585355484774,2868041.0
sweeps,5.917922274231526,827794.0
sweet,7.258227813889844,18122905.0
sweet potatoes,5.589320591293888,388437.0
sweeter,5.832497416523677,679982.0
sweetest,5.9342590182956085,859526.0
sweetheart,6.064365130135151,1159752.0
sweetly,5.996007037104549,990848.0
sweetness,6.248803030707732,1773385.0
sweets,5.893568699382213,782652.0
swell,6.337911091784264,2177264.0
swelled,5.993647814837911,985480.0
swelling,6.541339816806347,3478082.0
swells,5.819168042387106,659429.0
swelter,4.247654175819024,17687.0
swept,6.738264170280109,5473488.0
swerve,5.3097600105797085,204061.0
swift,6.724864390368658,5307187.0
swiftly,6.400581848329685,2515254.0
swill,4.8916155010160765,77914.0
swim,6.439674940917408,2752168.0
swimmer,5.640973093964463,437495.0
swimming,6.657712155366731,4546866.0
swindle,5.245322622402852,175923.0
swine,6.081945041494418,1207661.0
swing,6.637430285139785,4339406.0
swinging,6.3452648982161115,2214445.0
swings,6.056722333114536,1139521.0
swipe,5.156854927501849,143501.0
swirl,5.6680204336822255,465608.0
swirling,5.825100112285718,668498.0
swish,5.284177979883127,192388.0
swiss,6.509801784665967,3234460.0
swiss chard,4.689663965015771,48940.0
switch,6.807643385229216,6421602.0
switched,6.296796555439699,1980599.0
switches,6.247530403776894,1768196.0
switching,6.411944295508956,2581929.0
swivel,5.531092989932963,339698.0
swollen,6.360024330926873,2290996.0
swoon,5.397467239042387,249728.0
swoop,5.428026206834348,267933.0
sword,6.95257281946395,8965465.0
swords,6.289120964436475,1945902.0
swore,6.244095446255447,1754266.0
sworn,6.355923106652863,2269463.0
swung,6.51527256536587,3275462.0
sycamore,5.5930599977975755,391796.0
sycophantic,4.599719362397098,39785.0
syllable,6.341840138286693,2197051.0
syllables,6.241917365062395,1745490.0
syllabus,5.601934027662596,399884.0
symbol,6.98213540429746,9596998.0
symbolic,6.764894403849227,5819617.0
symbolically,5.881593478806061,761366.0
symbolism,6.283926659826025,1922767.0
symbolize,5.826753586323318,671048.0
symbolized,6.017559602375533,1041261.0
symbols,6.889385415206257,7751494.0
symmetric,6.261105780463546,1824340.0
symmetrical,6.258951278536549,1815312.0
symmetry,6.516953206061721,3288162.0
sympathetic,6.709149325716279,5118578.0
sympathies,6.1445679811207965,1394980.0
sympathize,5.811723096483893,648221.0
sympathy,6.901713755275613,7974689.0
symphony,6.501557661271804,3173640.0
symposium,6.376820495118225,2381335.0
symptom,6.455711516979349,2855693.0
symptomatic,6.1117694548049695,1293509.0
symptoms,7.241978766904471,17457368.0
synagogue,6.244415182228512,1755558.0
synapse,5.532398901701301,340721.0
synchronized,5.726651424953629,532907.0
synchronous,6.013751652915581,1032171.0
syndicate,5.924914235867451,841229.0
syndrome,6.979763829645149,9544734.0
synonym,5.930122933723902,851379.0
synonymous,6.137942795324197,1373861.0
synonyms,5.95268058691783,896769.0
synopsis,5.890227583334301,776654.0
syntactic,5.938756821256865,868474.0
syntax,6.3780965159573215,2388342.0
synthesis,6.894179659503884,7837538.0
synthesize,5.793690527374125,621857.0
synthesized,6.104085749793175,1270825.0
synthesizer,5.2885107969107885,194317.0
synthetic,6.544820954304019,3506073.0
syphilis,6.2478557210453065,1769521.0
syphon,4.787425049380184,61295.0
syracuse,6.252332293400929,1787855.0
syringe,5.9572964182533505,906351.0
syrup,6.2067341519837225,1609660.0
system,8.157917253849275,143852447.0
systematic,6.8102204167418545,6459820.0
systematically,6.347926881886814,2228060.0
systemic,6.527683765511089,3370418.0
systems,7.683174568738209,48214156.0
what,8.707508511271001,509927591.0
